{"BTCEUR": 28533.71, "BNBEUR": 267.6, "ETHEUR": 1811.12, "LTCEUR": 113.59, "XRPEUR": 0.5376, "ADAEUR": 1.1404, "XLMEUR": 0.20758, "DOGEEUR": 0.18566}