{"BTCEUR": 36686.55, "BNBEUR": 442.75, "ETHEUR": 2788.87, "LTCEUR": 232.87, "XRPEUR": 1.1492, "ADAEUR": 1.7304, "XLMEUR": 0.54581, "DOGEEUR": 0.40539}