{"BTCEUR": 28608.6, "BNBEUR": 272.29, "ETHEUR": 1803.46, "LTCEUR": 112.96, "XRPEUR": 0.5349, "ADAEUR": 1.1296, "XLMEUR": 0.20621, "DOGEEUR": 0.18239}