{"BTCEUR": 28270.75, "BNBEUR": 266.13, "ETHEUR": 1766.0, "LTCEUR": 112.33, "XRPEUR": 0.5251, "ADAEUR": 1.1223, "XLMEUR": 0.20548, "DOGEEUR": 0.17897}