{"BTCEUR": 27815.0, "BNBEUR": 265.5, "ETHEUR": 1718.3, "LTCEUR": 112.15, "XRPEUR": 0.5282, "ADAEUR": 1.1055, "XLMEUR": 0.20098, "DOGEEUR": 0.17775}