{"BTCEUR": 33226.57, "BNBEUR": 325.0, "ETHEUR": 2320.87, "LTCEUR": 174.58, "XRPEUR": 0.982, "ADAEUR": 1.4969, "XLMEUR": 0.40665, "DOGEEUR": 0.32973}