{"BTCEUR": 27949.8, "BNBEUR": 266.72, "ETHEUR": 1713.97, "LTCEUR": 112.82, "XRPEUR": 0.5295, "ADAEUR": 1.1056, "XLMEUR": 0.20145, "DOGEEUR": 0.17304}