{"BTCEUR": 27778.99, "BNBEUR": 264.06, "ETHEUR": 1693.36, "LTCEUR": 112.86, "XRPEUR": 0.5293, "ADAEUR": 1.0934, "XLMEUR": 0.20055, "DOGEEUR": 0.17209}