{"BTCEUR": 29041.36, "BNBEUR": 277.89, "ETHEUR": 1821.18, "LTCEUR": 114.36, "XRPEUR": 0.5453, "ADAEUR": 1.1471, "XLMEUR": 0.21102, "DOGEEUR": 0.18301}