{"BTCEUR": 35696.67, "BNBEUR": 424.2, "ETHEUR": 2801.22, "LTCEUR": 252.34, "XRPEUR": 1.3282, "ADAEUR": 1.698, "XLMEUR": 0.54151, "DOGEEUR": 0.39391}