{"BTCEUR": 27805.38, "BNBEUR": 265.88, "ETHEUR": 1810.37, "LTCEUR": 112.01, "XRPEUR": 0.5277, "ADAEUR": 1.1478, "XLMEUR": 0.20911, "DOGEEUR": 0.17804}