{"BTCEUR": 33469.22, "BNBEUR": 322.41, "ETHEUR": 2298.77, "LTCEUR": 170.75, "XRPEUR": 0.9455, "ADAEUR": 1.442, "XLMEUR": 0.40096, "DOGEEUR": 0.32778}