{"BTCEUR": 33252.01, "BNBEUR": 324.8, "ETHEUR": 2310.54, "LTCEUR": 173.79, "XRPEUR": 0.9774, "ADAEUR": 1.5032, "XLMEUR": 0.40255, "DOGEEUR": 0.33597}