{"BTCEUR": 28309.93, "BNBEUR": 273.21, "ETHEUR": 1776.14, "LTCEUR": 115.21, "XRPEUR": 0.536, "ADAEUR": 1.1305, "XLMEUR": 0.20569, "DOGEEUR": 0.17896}