{"BTCEUR": 35496.18, "BNBEUR": 420.17, "ETHEUR": 2809.17, "LTCEUR": 242.29, "XRPEUR": 1.3122, "ADAEUR": 1.655, "XLMEUR": 0.53458, "DOGEEUR": 0.39155}