{"BTCEUR": 27651.03, "BNBEUR": 258.28, "ETHEUR": 1747.01, "LTCEUR": 108.44, "XRPEUR": 0.5141, "ADAEUR": 1.1129, "XLMEUR": 0.19906, "DOGEEUR": 0.18221}