{"BTCEUR": 27369.03, "BNBEUR": 256.51, "ETHEUR": 1740.0, "LTCEUR": 107.28, "XRPEUR": 0.5042, "ADAEUR": 1.0987, "XLMEUR": 0.19732, "DOGEEUR": 0.16703}