{"BTCEUR": 28866.09, "BNBEUR": 276.98, "ETHEUR": 1808.8, "LTCEUR": 114.3, "XRPEUR": 0.545, "ADAEUR": 1.1419, "XLMEUR": 0.20981, "DOGEEUR": 0.18317}