{"BTCEUR": 27758.71, "BNBEUR": 256.45, "ETHEUR": 1636.79, "LTCEUR": 109.18, "XRPEUR": 0.5197, "ADAEUR": 1.0585, "XLMEUR": 0.19471, "DOGEEUR": 0.16541}