{"BTCEUR": 27966.48, "BNBEUR": 265.17, "ETHEUR": 1711.99, "LTCEUR": 113.9, "XRPEUR": 0.5279, "ADAEUR": 1.1034, "XLMEUR": 0.20106, "DOGEEUR": 0.17409}