{"BTCEUR": 27577.54, "BNBEUR": 257.51, "ETHEUR": 1766.0, "LTCEUR": 109.01, "XRPEUR": 0.5133, "ADAEUR": 1.1015, "XLMEUR": 0.19982, "DOGEEUR": 0.16986}