{"BTCEUR": 27787.61, "BNBEUR": 263.7, "ETHEUR": 1718.14, "LTCEUR": 112.55, "XRPEUR": 0.5274, "ADAEUR": 1.1032, "XLMEUR": 0.20128, "DOGEEUR": 0.17435}