{"BTCEUR": 28757.43, "BNBEUR": 273.37, "ETHEUR": 1797.88, "LTCEUR": 113.23, "XRPEUR": 0.5384, "ADAEUR": 1.1354, "XLMEUR": 0.20903, "DOGEEUR": 0.18129}