{"BTCEUR": 28126.89, "BNBEUR": 266.15, "ETHEUR": 1725.1, "LTCEUR": 114.36, "XRPEUR": 0.5302, "ADAEUR": 1.1107, "XLMEUR": 0.20259, "DOGEEUR": 0.17486}