{"BTCEUR": 37006.13, "BNBEUR": 430.5, "ETHEUR": 2808.4, "LTCEUR": 234.25, "XRPEUR": 1.165, "ADAEUR": 1.7917, "XLMEUR": 0.55274, "DOGEEUR": 0.40345}