{"BTCEUR": 28579.04, "BNBEUR": 267.91, "ETHEUR": 1812.31, "LTCEUR": 113.53, "XRPEUR": 0.5376, "ADAEUR": 1.1417, "XLMEUR": 0.20851, "DOGEEUR": 0.18557}