{"BTCEUR": 37016.77, "BNBEUR": 436.9, "ETHEUR": 2836.6, "LTCEUR": 236.53, "XRPEUR": 1.2475, "ADAEUR": 1.7557, "XLMEUR": 0.56334, "DOGEEUR": 0.40933}