{"BTCEUR": 28395.79, "BNBEUR": 267.64, "ETHEUR": 1787.71, "LTCEUR": 113.39, "XRPEUR": 0.5274, "ADAEUR": 1.1288, "XLMEUR": 0.20732, "DOGEEUR": 0.18131}