{"BTCEUR": 38231.97, "BNBEUR": 462.72, "ETHEUR": 2934.57, "LTCEUR": 242.5, "XRPEUR": 1.1816, "ADAEUR": 1.8622, "XLMEUR": 0.57739, "DOGEEUR": 0.42101}