{"BTCEUR": 33523.3, "BNBEUR": 326.33, "ETHEUR": 2306.07, "LTCEUR": 175.12, "XRPEUR": 0.986, "ADAEUR": 1.49, "XLMEUR": 0.40808, "DOGEEUR": 0.32902}