{"BTCEUR": 27716.37, "BNBEUR": 260.8, "ETHEUR": 1785.85, "LTCEUR": 110.62, "XRPEUR": 0.5208, "ADAEUR": 1.1222, "XLMEUR": 0.20087, "DOGEEUR": 0.17467}