{"BTCEUR": 30850.06, "BNBEUR": 304.49, "ETHEUR": 2223.01, "LTCEUR": 171.24, "XRPEUR": 0.985, "ADAEUR": 1.3211, "XLMEUR": 0.38008, "DOGEEUR": 0.32272}