{"BTCEUR": 28930.13, "BNBEUR": 278.62, "ETHEUR": 1813.29, "LTCEUR": 114.93, "XRPEUR": 0.5471, "ADAEUR": 1.1462, "XLMEUR": 0.20929, "DOGEEUR": 0.18317}