{"BTCEUR": 35467.05, "BNBEUR": 413.02, "ETHEUR": 2727.65, "LTCEUR": 243.92, "XRPEUR": 1.2804, "ADAEUR": 1.6393, "XLMEUR": 0.53227, "DOGEEUR": 0.39295}