{"BTCEUR": 28153.22, "BNBEUR": 264.01, "ETHEUR": 1799.1, "LTCEUR": 112.7, "XRPEUR": 0.5325, "ADAEUR": 1.135, "XLMEUR": 0.20744, "DOGEEUR": 0.18525}