{"BTCEUR": 27766.83, "BNBEUR": 261.83, "ETHEUR": 1647.02, "LTCEUR": 111.34, "XRPEUR": 0.5294, "ADAEUR": 1.0723, "XLMEUR": 0.19659, "DOGEEUR": 0.16983}