{"BTCEUR": 28821.84, "BNBEUR": 270.26, "ETHEUR": 1845.15, "LTCEUR": 115.11, "XRPEUR": 0.546, "ADAEUR": 1.1508, "XLMEUR": 0.21177, "DOGEEUR": 0.19004}