{"BTCEUR": 28931.04, "BNBEUR": 276.47, "ETHEUR": 1822.26, "LTCEUR": 114.5, "XRPEUR": 0.5443, "ADAEUR": 1.1453, "XLMEUR": 0.21084, "DOGEEUR": 0.18262}