{"BTCEUR": 27894.04, "BNBEUR": 264.54, "ETHEUR": 1693.24, "LTCEUR": 113.82, "XRPEUR": 0.5329, "ADAEUR": 1.0908, "XLMEUR": 0.19911, "DOGEEUR": 0.17228}