{"BTCEUR": 32435.82, "BNBEUR": 313.27, "ETHEUR": 2241.49, "LTCEUR": 169.32, "XRPEUR": 0.9545, "ADAEUR": 1.4553, "XLMEUR": 0.40136, "DOGEEUR": 0.32424}