{"BTCEUR": 36900.05, "BNBEUR": 428.15, "ETHEUR": 2849.14, "LTCEUR": 257.6, "XRPEUR": 1.2958, "ADAEUR": 1.7201, "XLMEUR": 0.55022, "DOGEEUR": 0.40514}