{"BTCEUR": 35337.2, "BNBEUR": 415.45, "ETHEUR": 2752.77, "LTCEUR": 245.6, "XRPEUR": 1.2689, "ADAEUR": 1.6464, "XLMEUR": 0.52829, "DOGEEUR": 0.39085}