{"BTCEUR": 27654.78, "BNBEUR": 259.65, "ETHEUR": 1754.43, "LTCEUR": 109.12, "XRPEUR": 0.513, "ADAEUR": 1.117, "XLMEUR": 0.19899, "DOGEEUR": 0.18301}