{"BTCEUR": 37895.29, "BNBEUR": 464.11, "ETHEUR": 2912.4, "LTCEUR": 247.21, "XRPEUR": 1.1832, "ADAEUR": 1.7887, "XLMEUR": 0.57568, "DOGEEUR": 0.42331}