{"BTCEUR": 32060.85, "BNBEUR": 349.88, "ETHEUR": 2399.4, "LTCEUR": 218.47, "XRPEUR": 1.1749, "ADAEUR": 1.4143, "XLMEUR": 0.46632, "DOGEEUR": 0.33655}