{"BTCEUR": 28220.0, "BNBEUR": 265.8, "ETHEUR": 1766.54, "LTCEUR": 112.37, "XRPEUR": 0.5235, "ADAEUR": 1.1259, "XLMEUR": 0.20389, "DOGEEUR": 0.17884}