{"BTCEUR": 28559.0, "BNBEUR": 271.7, "ETHEUR": 1799.04, "LTCEUR": 112.81, "XRPEUR": 0.533, "ADAEUR": 1.1282, "XLMEUR": 0.20638, "DOGEEUR": 0.18139}