{"BTCEUR": 27796.39, "BNBEUR": 263.43, "ETHEUR": 1682.67, "LTCEUR": 113.7, "XRPEUR": 0.531, "ADAEUR": 1.0849, "XLMEUR": 0.19885, "DOGEEUR": 0.17069}