{"BTCEUR": 27435.6, "BNBEUR": 256.35, "ETHEUR": 1753.77, "LTCEUR": 108.55, "XRPEUR": 0.5069, "ADAEUR": 1.1001, "XLMEUR": 0.19899, "DOGEEUR": 0.16915}