{"BTCEUR": 32489.14, "BNBEUR": 312.78, "ETHEUR": 2237.97, "LTCEUR": 170.52, "XRPEUR": 0.9493, "ADAEUR": 1.4371, "XLMEUR": 0.40124, "DOGEEUR": 0.32059}