{"BTCEUR": 32505.66, "BNBEUR": 355.31, "ETHEUR": 2460.97, "LTCEUR": 219.84, "XRPEUR": 1.1917, "ADAEUR": 1.4306, "XLMEUR": 0.47066, "DOGEEUR": 0.34202}