{"BTCEUR": 28464.02, "BNBEUR": 264.22, "ETHEUR": 1790.28, "LTCEUR": 112.3, "XRPEUR": 0.5279, "ADAEUR": 1.1316, "XLMEUR": 0.20516, "DOGEEUR": 0.18383}