{"BTCEUR": 27750.58, "BNBEUR": 262.88, "ETHEUR": 1706.97, "LTCEUR": 111.83, "XRPEUR": 0.5253, "ADAEUR": 1.0987, "XLMEUR": 0.19994, "DOGEEUR": 0.17363}