{"BTCEUR": 28446.78, "BNBEUR": 267.94, "ETHEUR": 1787.94, "LTCEUR": 113.58, "XRPEUR": 0.5291, "ADAEUR": 1.1343, "XLMEUR": 0.20798, "DOGEEUR": 0.18118}