{"BTCEUR": 38344.93, "BNBEUR": 464.17, "ETHEUR": 2958.24, "LTCEUR": 244.21, "XRPEUR": 1.1969, "ADAEUR": 1.9038, "XLMEUR": 0.58946, "DOGEEUR": 0.42451}