{"BTCEUR": 28258.45, "BNBEUR": 265.48, "ETHEUR": 1764.45, "LTCEUR": 112.25, "XRPEUR": 0.5248, "ADAEUR": 1.1214, "XLMEUR": 0.20506, "DOGEEUR": 0.17911}