{"BTCEUR": 28471.44, "BNBEUR": 264.18, "ETHEUR": 1792.84, "LTCEUR": 112.33, "XRPEUR": 0.5284, "ADAEUR": 1.1311, "XLMEUR": 0.20497, "DOGEEUR": 0.18372}