{"BTCEUR": 27867.91, "BNBEUR": 263.05, "ETHEUR": 1664.45, "LTCEUR": 112.15, "XRPEUR": 0.5293, "ADAEUR": 1.0824, "XLMEUR": 0.19661, "DOGEEUR": 0.17075}