{"BTCEUR": 30935.05, "BNBEUR": 308.85, "ETHEUR": 2223.61, "LTCEUR": 170.4, "XRPEUR": 0.9892, "ADAEUR": 1.354, "XLMEUR": 0.38777, "DOGEEUR": 0.31862}