{"BTCEUR": 29566.03, "BNBEUR": 250.0, "ETHEUR": 1893.71, "LTCEUR": 142.01, "XRPEUR": 0.8056, "ADAEUR": 1.2034, "XLMEUR": 0.33984, "DOGEEUR": 0.28008}