{"BTCEUR": 28422.13, "BNBEUR": 264.23, "ETHEUR": 1774.43, "LTCEUR": 111.4, "XRPEUR": 0.524, "ADAEUR": 1.1159, "XLMEUR": 0.20337, "DOGEEUR": 0.18144}