{"BTCEUR": 37620.35, "BNBEUR": 452.43, "ETHEUR": 2858.83, "LTCEUR": 239.11, "XRPEUR": 1.1633, "ADAEUR": 1.8011, "XLMEUR": 0.55907, "DOGEEUR": 0.41133}