{"BTCEUR": 27964.96, "BNBEUR": 265.66, "ETHEUR": 1709.53, "LTCEUR": 112.76, "XRPEUR": 0.5311, "ADAEUR": 1.1035, "XLMEUR": 0.20128, "DOGEEUR": 0.17386}