{"BTCEUR": 28578.38, "BNBEUR": 236.44, "ETHEUR": 1813.0, "LTCEUR": 135.54, "XRPEUR": 0.7551, "ADAEUR": 1.1458, "XLMEUR": 0.31907, "DOGEEUR": 0.26775}