{"BTCEUR": 28257.57, "BNBEUR": 266.3, "ETHEUR": 1770.65, "LTCEUR": 112.77, "XRPEUR": 0.5243, "ADAEUR": 1.1277, "XLMEUR": 0.20412, "DOGEEUR": 0.17922}