{"BTCEUR": 31124.32, "BNBEUR": 311.23, "ETHEUR": 2259.73, "LTCEUR": 173.0, "XRPEUR": 0.9972, "ADAEUR": 1.36, "XLMEUR": 0.39582, "DOGEEUR": 0.34795}