{"BTCEUR": 28506.34, "BNBEUR": 269.35, "ETHEUR": 1791.86, "LTCEUR": 113.55, "XRPEUR": 0.5296, "ADAEUR": 1.1282, "XLMEUR": 0.20515, "DOGEEUR": 0.17974}