{"BTCEUR": 36810.47, "BNBEUR": 426.85, "ETHEUR": 2834.7, "LTCEUR": 251.81, "XRPEUR": 1.2831, "ADAEUR": 1.7118, "XLMEUR": 0.55075, "DOGEEUR": 0.40349}