{"BTCEUR": 28405.01, "BNBEUR": 269.41, "ETHEUR": 1784.86, "LTCEUR": 113.0, "XRPEUR": 0.5264, "ADAEUR": 1.1295, "XLMEUR": 0.20457, "DOGEEUR": 0.17911}