{"BTCEUR": 36901.39, "BNBEUR": 427.79, "ETHEUR": 2843.37, "LTCEUR": 256.08, "XRPEUR": 1.2986, "ADAEUR": 1.7184, "XLMEUR": 0.55328, "DOGEEUR": 0.40375}