{"BTCEUR": 32335.0, "BNBEUR": 325.31, "ETHEUR": 2285.0, "LTCEUR": 176.12, "XRPEUR": 1.0265, "ADAEUR": 1.445, "XLMEUR": 0.40568, "DOGEEUR": 0.31364}