{"BTCEUR": 28246.87, "BNBEUR": 265.0, "ETHEUR": 1818.8, "LTCEUR": 113.32, "XRPEUR": 0.536, "ADAEUR": 1.1406, "XLMEUR": 0.20762, "DOGEEUR": 0.18409}