{"BTCEUR": 27918.31, "BNBEUR": 266.43, "ETHEUR": 1712.2, "LTCEUR": 112.13, "XRPEUR": 0.5303, "ADAEUR": 1.1027, "XLMEUR": 0.20065, "DOGEEUR": 0.17297}