{"BTCEUR": 28506.68, "BNBEUR": 265.98, "ETHEUR": 1799.0, "LTCEUR": 112.72, "XRPEUR": 0.5323, "ADAEUR": 1.1325, "XLMEUR": 0.20565, "DOGEEUR": 0.18512}