{"BTCEUR": 33532.34, "BNBEUR": 313.07, "ETHEUR": 2274.71, "LTCEUR": 178.4, "XRPEUR": 0.9899, "ADAEUR": 1.4434, "XLMEUR": 0.40902, "DOGEEUR": 0.31876}