{"BTCEUR": 31395.42, "BNBEUR": 284.72, "ETHEUR": 2101.45, "LTCEUR": 155.55, "XRPEUR": 0.866, "ADAEUR": 1.3231, "XLMEUR": 0.37347, "DOGEEUR": 0.29813}