{"BTCEUR": 33568.31, "BNBEUR": 322.18, "ETHEUR": 2282.41, "LTCEUR": 172.79, "XRPEUR": 0.9638, "ADAEUR": 1.4875, "XLMEUR": 0.40379, "DOGEEUR": 0.32887}