{"BTCEUR": 27842.07, "BNBEUR": 264.73, "ETHEUR": 1696.37, "LTCEUR": 113.42, "XRPEUR": 0.5304, "ADAEUR": 1.0971, "XLMEUR": 0.20074, "DOGEEUR": 0.17224}