{"BTCEUR": 28612.01, "BNBEUR": 272.83, "ETHEUR": 1805.73, "LTCEUR": 113.96, "XRPEUR": 0.5347, "ADAEUR": 1.133, "XLMEUR": 0.20711, "DOGEEUR": 0.18273}