{"BTCEUR": 32358.06, "BNBEUR": 309.14, "ETHEUR": 2171.0, "LTCEUR": 163.41, "XRPEUR": 0.9028, "ADAEUR": 1.3804, "XLMEUR": 0.38423, "DOGEEUR": 0.31425}