{"BTCEUR": 34225.86, "BNBEUR": 405.35, "ETHEUR": 2687.94, "LTCEUR": 231.73, "XRPEUR": 1.2683, "ADAEUR": 1.5826, "XLMEUR": 0.51324, "DOGEEUR": 0.37648}