{"BTCEUR": 32564.72, "BNBEUR": 315.32, "ETHEUR": 2233.6, "LTCEUR": 167.37, "XRPEUR": 0.913, "ADAEUR": 1.4032, "XLMEUR": 0.38874, "DOGEEUR": 0.31812}