{"BTCEUR": 28300.95, "BNBEUR": 266.82, "ETHEUR": 1770.95, "LTCEUR": 112.81, "XRPEUR": 0.5243, "ADAEUR": 1.1279, "XLMEUR": 0.20373, "DOGEEUR": 0.17891}