{"BTCEUR": 28443.26, "BNBEUR": 264.1, "ETHEUR": 1786.66, "LTCEUR": 112.16, "XRPEUR": 0.5274, "ADAEUR": 1.1293, "XLMEUR": 0.20512, "DOGEEUR": 0.18393}