{"BTCEUR": 33740.67, "BNBEUR": 314.0, "ETHEUR": 2235.82, "LTCEUR": 170.6, "XRPEUR": 0.933, "ADAEUR": 1.4071, "XLMEUR": 0.39973, "DOGEEUR": 0.32187}