{"BTCEUR": 36859.43, "BNBEUR": 426.25, "ETHEUR": 2773.1, "LTCEUR": 244.65, "XRPEUR": 1.2408, "ADAEUR": 1.692, "XLMEUR": 0.53727, "DOGEEUR": 0.40375}