{"BTCEUR": 36860.72, "BNBEUR": 428.15, "ETHEUR": 2844.0, "LTCEUR": 255.19, "XRPEUR": 1.2906, "ADAEUR": 1.7149, "XLMEUR": 0.55142, "DOGEEUR": 0.40538}