{"BTCEUR": 28790.99, "BNBEUR": 273.03, "ETHEUR": 1805.95, "LTCEUR": 113.4, "XRPEUR": 0.538, "ADAEUR": 1.1371, "XLMEUR": 0.20712, "DOGEEUR": 0.18234}