{"BTCEUR": 27250.34, "BNBEUR": 250.93, "ETHEUR": 1606.51, "LTCEUR": 106.9, "XRPEUR": 0.5088, "ADAEUR": 1.0335, "XLMEUR": 0.18953, "DOGEEUR": 0.16263}