{"BTCEUR": 37202.2, "BNBEUR": 432.13, "ETHEUR": 2885.73, "LTCEUR": 252.9, "XRPEUR": 1.2555, "ADAEUR": 1.721, "XLMEUR": 0.54195, "DOGEEUR": 0.40588}