{"BTCEUR": 28417.97, "BNBEUR": 264.36, "ETHEUR": 1789.23, "LTCEUR": 112.05, "XRPEUR": 0.5294, "ADAEUR": 1.1291, "XLMEUR": 0.20398, "DOGEEUR": 0.18347}