{"BTCEUR": 33507.77, "BNBEUR": 324.09, "ETHEUR": 2311.79, "LTCEUR": 170.98, "XRPEUR": 0.9488, "ADAEUR": 1.4489, "XLMEUR": 0.40263, "DOGEEUR": 0.32906}