{"BTCEUR": 27906.99, "BNBEUR": 261.21, "ETHEUR": 1796.12, "LTCEUR": 110.56, "XRPEUR": 0.5216, "ADAEUR": 1.1173, "XLMEUR": 0.20182, "DOGEEUR": 0.17273}