{"BTCEUR": 35654.14, "BNBEUR": 417.03, "ETHEUR": 2750.45, "LTCEUR": 244.47, "XRPEUR": 1.2917, "ADAEUR": 1.6587, "XLMEUR": 0.54017, "DOGEEUR": 0.39536}