{"BTCEUR": 31262.36, "BNBEUR": 275.08, "ETHEUR": 2036.31, "LTCEUR": 151.92, "XRPEUR": 0.8204, "ADAEUR": 1.3028, "XLMEUR": 0.34574, "DOGEEUR": 0.28781}