{"BTCEUR": 33295.0, "BNBEUR": 322.29, "ETHEUR": 2297.43, "LTCEUR": 172.68, "XRPEUR": 0.9877, "ADAEUR": 1.5098, "XLMEUR": 0.40263, "DOGEEUR": 0.33253}