{"BTCEUR": 31648.94, "BNBEUR": 281.4, "ETHEUR": 2040.46, "LTCEUR": 157.09, "XRPEUR": 0.9071, "ADAEUR": 1.2778, "XLMEUR": 0.37561, "DOGEEUR": 0.28755}