{"BTCEUR": 32693.73, "BNBEUR": 315.67, "ETHEUR": 2255.6, "LTCEUR": 168.81, "XRPEUR": 0.9527, "ADAEUR": 1.4625, "XLMEUR": 0.39529, "DOGEEUR": 0.32612}