{"BTCEUR": 28643.16, "BNBEUR": 269.01, "ETHEUR": 1824.25, "LTCEUR": 114.19, "XRPEUR": 0.541, "ADAEUR": 1.1464, "XLMEUR": 0.21007, "DOGEEUR": 0.18625}