{"BTCEUR": 28292.6, "BNBEUR": 266.05, "ETHEUR": 1781.67, "LTCEUR": 112.51, "XRPEUR": 0.5264, "ADAEUR": 1.1252, "XLMEUR": 0.20498, "DOGEEUR": 0.17957}