{"BTCEUR": 37397.5, "BNBEUR": 453.99, "ETHEUR": 2827.23, "LTCEUR": 239.56, "XRPEUR": 1.1554, "ADAEUR": 1.7356, "XLMEUR": 0.56777, "DOGEEUR": 0.41914}