{"BTCEUR": 28377.65, "BNBEUR": 264.06, "ETHEUR": 1786.43, "LTCEUR": 111.88, "XRPEUR": 0.5289, "ADAEUR": 1.1286, "XLMEUR": 0.20427, "DOGEEUR": 0.18294}