{"BTCEUR": 29224.22, "BNBEUR": 279.79, "ETHEUR": 2041.02, "LTCEUR": 161.0, "XRPEUR": 0.9415, "ADAEUR": 1.1868, "XLMEUR": 0.35985, "DOGEEUR": 0.28095}