{"BTCEUR": 30778.84, "BNBEUR": 279.89, "ETHEUR": 2038.78, "LTCEUR": 152.51, "XRPEUR": 0.8591, "ADAEUR": 1.3016, "XLMEUR": 0.36409, "DOGEEUR": 0.29717}