{"BTCEUR": 28104.82, "BNBEUR": 266.05, "ETHEUR": 1717.1, "LTCEUR": 112.85, "XRPEUR": 0.5364, "ADAEUR": 1.1007, "XLMEUR": 0.20352, "DOGEEUR": 0.17302}