{"BTCEUR": 28080.62, "BNBEUR": 266.79, "ETHEUR": 1715.46, "LTCEUR": 112.58, "XRPEUR": 0.5375, "ADAEUR": 1.1129, "XLMEUR": 0.20297, "DOGEEUR": 0.17343}