{"BTCEUR": 28409.93, "BNBEUR": 264.4, "ETHEUR": 1781.63, "LTCEUR": 111.51, "XRPEUR": 0.5253, "ADAEUR": 1.1261, "XLMEUR": 0.20349, "DOGEEUR": 0.18212}