{"BTCEUR": 27657.26, "BNBEUR": 259.24, "ETHEUR": 1770.68, "LTCEUR": 109.72, "XRPEUR": 0.5171, "ADAEUR": 1.1143, "XLMEUR": 0.19969, "DOGEEUR": 0.18191}