{"BTCEUR": 30627.39, "BNBEUR": 273.24, "ETHEUR": 2039.63, "LTCEUR": 150.66, "XRPEUR": 0.8499, "ADAEUR": 1.295, "XLMEUR": 0.36031, "DOGEEUR": 0.29344}