{"BTCEUR": 31496.28, "BNBEUR": 309.12, "ETHEUR": 2165.57, "LTCEUR": 166.46, "XRPEUR": 0.9765, "ADAEUR": 1.3316, "XLMEUR": 0.38949, "DOGEEUR": 0.29309}