{"BTCEUR": 37882.15, "BNBEUR": 459.62, "ETHEUR": 2935.69, "LTCEUR": 242.91, "XRPEUR": 1.1948, "ADAEUR": 1.8614, "XLMEUR": 0.58904, "DOGEEUR": 0.42334}