{"BTCEUR": 28532.96, "BNBEUR": 267.22, "ETHEUR": 1786.41, "LTCEUR": 112.0, "XRPEUR": 0.5257, "ADAEUR": 1.1248, "XLMEUR": 0.20569, "DOGEEUR": 0.18199}