{"BTCEUR": 28454.97, "BNBEUR": 268.81, "ETHEUR": 1791.08, "LTCEUR": 113.6, "XRPEUR": 0.5263, "ADAEUR": 1.1326, "XLMEUR": 0.20472, "DOGEEUR": 0.17991}