{"BTCEUR": 32462.96, "BNBEUR": 311.59, "ETHEUR": 2236.55, "LTCEUR": 165.04, "XRPEUR": 0.908, "ADAEUR": 1.3908, "XLMEUR": 0.38622, "DOGEEUR": 0.31497}