{"BTCEUR": 28108.44, "BNBEUR": 265.63, "ETHEUR": 1712.31, "LTCEUR": 112.85, "XRPEUR": 0.5366, "ADAEUR": 1.103, "XLMEUR": 0.20381, "DOGEEUR": 0.17286}