{"BTCEUR": 28927.53, "BNBEUR": 280.18, "ETHEUR": 1809.0, "LTCEUR": 117.08, "XRPEUR": 0.5494, "ADAEUR": 1.15, "XLMEUR": 0.21074, "DOGEEUR": 0.18282}