{"BTCEUR": 27586.33, "BNBEUR": 262.03, "ETHEUR": 1678.61, "LTCEUR": 110.97, "XRPEUR": 0.5241, "ADAEUR": 1.0868, "XLMEUR": 0.19828, "DOGEEUR": 0.17021}