{"BTCEUR": 33412.72, "BNBEUR": 309.72, "ETHEUR": 2199.5, "LTCEUR": 167.78, "XRPEUR": 0.9223, "ADAEUR": 1.3947, "XLMEUR": 0.39305, "DOGEEUR": 0.31876}