{"BTCEUR": 28621.45, "BNBEUR": 268.26, "ETHEUR": 1817.13, "LTCEUR": 113.87, "XRPEUR": 0.5371, "ADAEUR": 1.1451, "XLMEUR": 0.20965, "DOGEEUR": 0.18557}