{"BTCEUR": 27394.66, "BNBEUR": 252.85, "ETHEUR": 1628.32, "LTCEUR": 108.02, "XRPEUR": 0.5139, "ADAEUR": 1.046, "XLMEUR": 0.19278, "DOGEEUR": 0.16544}