{"BTCEUR": 37890.99, "BNBEUR": 456.37, "ETHEUR": 2926.03, "LTCEUR": 241.41, "XRPEUR": 1.1781, "ADAEUR": 1.8258, "XLMEUR": 0.58172, "DOGEEUR": 0.41308}