{"BTCEUR": 28780.5, "BNBEUR": 273.48, "ETHEUR": 1799.91, "LTCEUR": 113.48, "XRPEUR": 0.5404, "ADAEUR": 1.1363, "XLMEUR": 0.20884, "DOGEEUR": 0.18146}