{"BTCEUR": 27996.02, "BNBEUR": 267.42, "ETHEUR": 1715.71, "LTCEUR": 112.87, "XRPEUR": 0.5315, "ADAEUR": 1.1069, "XLMEUR": 0.20091, "DOGEEUR": 0.17475}