{"BTCEUR": 27862.69, "BNBEUR": 266.05, "ETHEUR": 1709.02, "LTCEUR": 111.88, "XRPEUR": 0.5302, "ADAEUR": 1.1049, "XLMEUR": 0.20024, "DOGEEUR": 0.17514}