{"BTCEUR": 27291.67, "BNBEUR": 255.71, "ETHEUR": 1741.59, "LTCEUR": 106.64, "XRPEUR": 0.5038, "ADAEUR": 1.0912, "XLMEUR": 0.19708, "DOGEEUR": 0.16745}