{"BTCEUR": 28378.38, "BNBEUR": 266.94, "ETHEUR": 1783.74, "LTCEUR": 113.09, "XRPEUR": 0.5271, "ADAEUR": 1.1293, "XLMEUR": 0.20731, "DOGEEUR": 0.18067}