{"BTCEUR": 27739.68, "BNBEUR": 257.18, "ETHEUR": 1662.05, "LTCEUR": 109.83, "XRPEUR": 0.52, "ADAEUR": 1.0631, "XLMEUR": 0.19618, "DOGEEUR": 0.16816}