{"BTCEUR": 28454.18, "BNBEUR": 270.55, "ETHEUR": 1789.32, "LTCEUR": 113.28, "XRPEUR": 0.5283, "ADAEUR": 1.1287, "XLMEUR": 0.20525, "DOGEEUR": 0.17964}