{"BTCEUR": 27889.81, "BNBEUR": 267.55, "ETHEUR": 1822.46, "LTCEUR": 112.02, "XRPEUR": 0.5298, "ADAEUR": 1.1502, "XLMEUR": 0.20842, "DOGEEUR": 0.17956}