{"BTCEUR": 28577.16, "BNBEUR": 271.53, "ETHEUR": 1796.73, "LTCEUR": 114.59, "XRPEUR": 0.5322, "ADAEUR": 1.1339, "XLMEUR": 0.20631, "DOGEEUR": 0.18137}