{"BTCEUR": 28945.82, "BNBEUR": 280.76, "ETHEUR": 1808.77, "LTCEUR": 117.3, "XRPEUR": 0.5481, "ADAEUR": 1.1514, "XLMEUR": 0.21138, "DOGEEUR": 0.18274}