{"BTCEUR": 32020.54, "BNBEUR": 341.03, "ETHEUR": 2389.76, "LTCEUR": 214.3, "XRPEUR": 1.147, "ADAEUR": 1.3443, "XLMEUR": 0.46004, "DOGEEUR": 0.32539}