{"BTCEUR": 33352.88, "BNBEUR": 311.23, "ETHEUR": 2201.23, "LTCEUR": 167.79, "XRPEUR": 0.9259, "ADAEUR": 1.4093, "XLMEUR": 0.39375, "DOGEEUR": 0.32048}