{"BTCEUR": 30582.69, "BNBEUR": 276.61, "ETHEUR": 2042.26, "LTCEUR": 150.84, "XRPEUR": 0.8487, "ADAEUR": 1.2983, "XLMEUR": 0.36346, "DOGEEUR": 0.29422}