{"BTCEUR": 28099.29, "BNBEUR": 265.37, "ETHEUR": 1710.69, "LTCEUR": 112.17, "XRPEUR": 0.5292, "ADAEUR": 1.0908, "XLMEUR": 0.20538, "DOGEEUR": 0.17125}