{"BTCEUR": 30981.99, "BNBEUR": 288.44, "ETHEUR": 2070.79, "LTCEUR": 159.57, "XRPEUR": 0.8915, "ADAEUR": 1.2624, "XLMEUR": 0.37354, "DOGEEUR": 0.27916}