{"BTCEUR": 28239.78, "BNBEUR": 265.7, "ETHEUR": 1768.17, "LTCEUR": 111.53, "XRPEUR": 0.5226, "ADAEUR": 1.1223, "XLMEUR": 0.20338, "DOGEEUR": 0.17946}