{"BTCEUR": 28613.68, "BNBEUR": 267.89, "ETHEUR": 1816.77, "LTCEUR": 113.73, "XRPEUR": 0.5386, "ADAEUR": 1.1403, "XLMEUR": 0.20835, "DOGEEUR": 0.18595}