{"BTCEUR": 30280.34, "BNBEUR": 269.53, "ETHEUR": 1986.03, "LTCEUR": 147.0, "XRPEUR": 0.8354, "ADAEUR": 1.2746, "XLMEUR": 0.35496, "DOGEEUR": 0.29087}