{"BTCEUR": 32122.32, "BNBEUR": 348.97, "ETHEUR": 2392.31, "LTCEUR": 215.87, "XRPEUR": 1.1679, "ADAEUR": 1.3916, "XLMEUR": 0.45939, "DOGEEUR": 0.33331}