{"BTCEUR": 31524.35, "BNBEUR": 280.28, "ETHEUR": 2045.45, "LTCEUR": 156.67, "XRPEUR": 0.895, "ADAEUR": 1.2744, "XLMEUR": 0.36987, "DOGEEUR": 0.27941}