{"BTCEUR": 35957.37, "BNBEUR": 427.09, "ETHEUR": 2821.73, "LTCEUR": 252.87, "XRPEUR": 1.3298, "ADAEUR": 1.7087, "XLMEUR": 0.54255, "DOGEEUR": 0.39729}