{"BTCEUR": 30456.56, "BNBEUR": 259.32, "ETHEUR": 1920.78, "LTCEUR": 147.03, "XRPEUR": 0.7698, "ADAEUR": 1.2414, "XLMEUR": 0.32682, "DOGEEUR": 0.27969}