{"BTCEUR": 27534.0, "BNBEUR": 259.9, "ETHEUR": 1772.38, "LTCEUR": 109.75, "XRPEUR": 0.5193, "ADAEUR": 1.1292, "XLMEUR": 0.20363, "DOGEEUR": 0.17323}