{"BTCEUR": 28243.47, "BNBEUR": 264.49, "ETHEUR": 1766.55, "LTCEUR": 112.41, "XRPEUR": 0.5239, "ADAEUR": 1.123, "XLMEUR": 0.20426, "DOGEEUR": 0.17918}