{"BTCEUR": 30000.74, "BNBEUR": 255.48, "ETHEUR": 1931.93, "LTCEUR": 144.42, "XRPEUR": 0.7984, "ADAEUR": 1.2226, "XLMEUR": 0.33842, "DOGEEUR": 0.28442}