{"BTCEUR": 32677.72, "BNBEUR": 352.52, "ETHEUR": 2395.2, "LTCEUR": 218.64, "XRPEUR": 1.1831, "ADAEUR": 1.4277, "XLMEUR": 0.46822, "DOGEEUR": 0.33927}