{"BTCEUR": 29060.05, "BNBEUR": 280.65, "ETHEUR": 1820.28, "LTCEUR": 117.01, "XRPEUR": 0.5523, "ADAEUR": 1.1544, "XLMEUR": 0.21178, "DOGEEUR": 0.18378}