{"BTCEUR": 28479.78, "BNBEUR": 269.23, "ETHEUR": 1792.24, "LTCEUR": 113.46, "XRPEUR": 0.5288, "ADAEUR": 1.1296, "XLMEUR": 0.20481, "DOGEEUR": 0.17999}