{"BTCEUR": 27806.77, "BNBEUR": 265.69, "ETHEUR": 1807.9, "LTCEUR": 112.04, "XRPEUR": 0.5284, "ADAEUR": 1.1486, "XLMEUR": 0.20847, "DOGEEUR": 0.17801}