{"BTCEUR": 28434.54, "BNBEUR": 268.3, "ETHEUR": 1787.84, "LTCEUR": 113.6, "XRPEUR": 0.5257, "ADAEUR": 1.1311, "XLMEUR": 0.20425, "DOGEEUR": 0.17958}