{"BTCEUR": 28721.99, "BNBEUR": 272.57, "ETHEUR": 1797.0, "LTCEUR": 113.45, "XRPEUR": 0.5381, "ADAEUR": 1.1338, "XLMEUR": 0.20883, "DOGEEUR": 0.18081}