{"BTCEUR": 28468.97, "BNBEUR": 268.6, "ETHEUR": 1789.85, "LTCEUR": 113.7, "XRPEUR": 0.5254, "ADAEUR": 1.1319, "XLMEUR": 0.20466, "DOGEEUR": 0.17981}