{"BTCEUR": 28148.64, "BNBEUR": 267.44, "ETHEUR": 1721.87, "LTCEUR": 112.42, "XRPEUR": 0.5316, "ADAEUR": 1.0977, "XLMEUR": 0.20357, "DOGEEUR": 0.17329}