{"BTCEUR": 27731.34, "BNBEUR": 256.71, "ETHEUR": 1658.49, "LTCEUR": 109.33, "XRPEUR": 0.517, "ADAEUR": 1.0578, "XLMEUR": 0.19586, "DOGEEUR": 0.16715}