{"BTCEUR": 27854.65, "BNBEUR": 266.69, "ETHEUR": 1830.89, "LTCEUR": 112.58, "XRPEUR": 0.5306, "ADAEUR": 1.1523, "XLMEUR": 0.20861, "DOGEEUR": 0.17972}