{"BTCEUR": 30440.23, "BNBEUR": 259.81, "ETHEUR": 1923.67, "LTCEUR": 146.83, "XRPEUR": 0.7755, "ADAEUR": 1.2408, "XLMEUR": 0.33102, "DOGEEUR": 0.27868}