{"BTCEUR": 36901.34, "BNBEUR": 428.62, "ETHEUR": 2788.96, "LTCEUR": 249.37, "XRPEUR": 1.2491, "ADAEUR": 1.7011, "XLMEUR": 0.53845, "DOGEEUR": 0.40512}