{"BTCEUR": 27975.11, "BNBEUR": 267.46, "ETHEUR": 1715.68, "LTCEUR": 112.44, "XRPEUR": 0.5323, "ADAEUR": 1.1082, "XLMEUR": 0.20137, "DOGEEUR": 0.17633}