{"BTCEUR": 32015.13, "BNBEUR": 307.2, "ETHEUR": 2115.22, "LTCEUR": 164.71, "XRPEUR": 0.9383, "ADAEUR": 1.2801, "XLMEUR": 0.39001, "DOGEEUR": 0.28681}