{"BTCEUR": 28256.91, "BNBEUR": 266.42, "ETHEUR": 1769.82, "LTCEUR": 112.66, "XRPEUR": 0.5244, "ADAEUR": 1.1277, "XLMEUR": 0.20419, "DOGEEUR": 0.17891}