{"BTCEUR": 30292.86, "BNBEUR": 264.14, "ETHEUR": 2010.82, "LTCEUR": 147.56, "XRPEUR": 0.8393, "ADAEUR": 1.2773, "XLMEUR": 0.35447, "DOGEEUR": 0.29131}