{"BTCEUR": 36304.2, "BNBEUR": 428.89, "ETHEUR": 2741.82, "LTCEUR": 235.15, "XRPEUR": 1.2476, "ADAEUR": 1.7035, "XLMEUR": 0.54227, "DOGEEUR": 0.40355}