{"BTCEUR": 28048.16, "BNBEUR": 269.02, "ETHEUR": 1742.1, "LTCEUR": 115.51, "XRPEUR": 0.5302, "ADAEUR": 1.1117, "XLMEUR": 0.20276, "DOGEEUR": 0.17506}