{"BTCEUR": 31883.3, "BNBEUR": 343.42, "ETHEUR": 2334.39, "LTCEUR": 211.0, "XRPEUR": 1.1386, "ADAEUR": 1.3771, "XLMEUR": 0.45418, "DOGEEUR": 0.32966}