{"BTCEUR": 35144.88, "BNBEUR": 409.01, "ETHEUR": 2688.68, "LTCEUR": 238.18, "XRPEUR": 1.2611, "ADAEUR": 1.6306, "XLMEUR": 0.53104, "DOGEEUR": 0.38923}