{"BTCEUR": 28339.2, "BNBEUR": 266.48, "ETHEUR": 1782.55, "LTCEUR": 113.05, "XRPEUR": 0.5263, "ADAEUR": 1.1259, "XLMEUR": 0.20722, "DOGEEUR": 0.18007}