{"BTCEUR": 40130.03, "BNBEUR": 488.75, "ETHEUR": 3058.81, "LTCEUR": 258.59, "XRPEUR": 1.2735, "ADAEUR": 1.9411, "XLMEUR": 0.62917, "DOGEEUR": 0.42728}