{"BTCEUR": 30505.07, "BNBEUR": 264.86, "ETHEUR": 1976.0, "LTCEUR": 146.81, "XRPEUR": 0.8117, "ADAEUR": 1.2649, "XLMEUR": 0.33468, "DOGEEUR": 0.28807}