{"BTCEUR": 28452.94, "BNBEUR": 265.99, "ETHEUR": 1800.67, "LTCEUR": 112.48, "XRPEUR": 0.5332, "ADAEUR": 1.1309, "XLMEUR": 0.20584, "DOGEEUR": 0.18468}