{"BTCEUR": 36956.02, "BNBEUR": 434.89, "ETHEUR": 2837.08, "LTCEUR": 241.0, "XRPEUR": 1.2642, "ADAEUR": 1.7457, "XLMEUR": 0.55954, "DOGEEUR": 0.40957}