{"BTCEUR": 36945.58, "BNBEUR": 437.35, "ETHEUR": 2856.04, "LTCEUR": 236.61, "XRPEUR": 1.2378, "ADAEUR": 1.7495, "XLMEUR": 0.56482, "DOGEEUR": 0.41175}