{"BTCEUR": 28505.53, "BNBEUR": 270.44, "ETHEUR": 1794.17, "LTCEUR": 113.67, "XRPEUR": 0.5296, "ADAEUR": 1.13, "XLMEUR": 0.20517, "DOGEEUR": 0.17999}