{"BTCEUR": 28465.06, "BNBEUR": 264.07, "ETHEUR": 1774.81, "LTCEUR": 111.64, "XRPEUR": 0.5254, "ADAEUR": 1.1198, "XLMEUR": 0.20386, "DOGEEUR": 0.18184}