{"BTCEUR": 28566.71, "BNBEUR": 267.1, "ETHEUR": 1812.08, "LTCEUR": 113.66, "XRPEUR": 0.5347, "ADAEUR": 1.1407, "XLMEUR": 0.20876, "DOGEEUR": 0.18599}