{"BTCEUR": 32344.95, "BNBEUR": 286.57, "ETHEUR": 2095.19, "LTCEUR": 162.0, "XRPEUR": 0.9263, "ADAEUR": 1.2996, "XLMEUR": 0.38049, "DOGEEUR": 0.28749}