{"BTCEUR": 28484.22, "BNBEUR": 269.89, "ETHEUR": 1790.92, "LTCEUR": 113.59, "XRPEUR": 0.528, "ADAEUR": 1.1317, "XLMEUR": 0.20529, "DOGEEUR": 0.17964}