{"BTCEUR": 28129.51, "BNBEUR": 265.93, "ETHEUR": 1713.47, "LTCEUR": 111.87, "XRPEUR": 0.5295, "ADAEUR": 1.0901, "XLMEUR": 0.20616, "DOGEEUR": 0.17141}