{"BTCEUR": 28386.11, "BNBEUR": 266.8, "ETHEUR": 1777.74, "LTCEUR": 113.06, "XRPEUR": 0.525, "ADAEUR": 1.1303, "XLMEUR": 0.20537, "DOGEEUR": 0.18012}