{"BTCEUR": 28484.52, "BNBEUR": 265.58, "ETHEUR": 1798.85, "LTCEUR": 112.76, "XRPEUR": 0.5318, "ADAEUR": 1.1315, "XLMEUR": 0.20566, "DOGEEUR": 0.18455}