{"BTCEUR": 28869.93, "BNBEUR": 270.76, "ETHEUR": 1801.32, "LTCEUR": 112.88, "XRPEUR": 0.5353, "ADAEUR": 1.1348, "XLMEUR": 0.20643, "DOGEEUR": 0.18228}