{"BTCEUR": 39651.45, "BNBEUR": 475.59, "ETHEUR": 3023.94, "LTCEUR": 251.23, "XRPEUR": 1.2287, "ADAEUR": 1.8929, "XLMEUR": 0.61282, "DOGEEUR": 0.42428}