{"BTCEUR": 28268.11, "BNBEUR": 266.58, "ETHEUR": 1780.72, "LTCEUR": 113.15, "XRPEUR": 0.5273, "ADAEUR": 1.127, "XLMEUR": 0.20685, "DOGEEUR": 0.18023}