{"BTCEUR": 28000.0, "BNBEUR": 267.67, "ETHEUR": 1721.27, "LTCEUR": 113.23, "XRPEUR": 0.5335, "ADAEUR": 1.1101, "XLMEUR": 0.20322, "DOGEEUR": 0.17526}