{"BTCEUR": 27920.63, "BNBEUR": 229.05, "ETHEUR": 1756.43, "LTCEUR": 130.29, "XRPEUR": 0.7291, "ADAEUR": 1.1081, "XLMEUR": 0.30871, "DOGEEUR": 0.26508}