{"BTCEUR": 27819.99, "BNBEUR": 259.3, "ETHEUR": 1672.31, "LTCEUR": 110.51, "XRPEUR": 0.5227, "ADAEUR": 1.0694, "XLMEUR": 0.19668, "DOGEEUR": 0.16852}