{"BTCEUR": 39336.22, "BNBEUR": 471.95, "ETHEUR": 2985.98, "LTCEUR": 248.97, "XRPEUR": 1.2178, "ADAEUR": 1.87, "XLMEUR": 0.59417, "DOGEEUR": 0.42221}