{"BTCEUR": 30472.54, "BNBEUR": 254.68, "ETHEUR": 1893.34, "LTCEUR": 148.92, "XRPEUR": 0.8297, "ADAEUR": 1.1939, "XLMEUR": 0.34885, "DOGEEUR": 0.26021}