{"BTCEUR": 33763.0, "BNBEUR": 313.1, "ETHEUR": 2220.34, "LTCEUR": 168.6, "XRPEUR": 0.9266, "ADAEUR": 1.3915, "XLMEUR": 0.39941, "DOGEEUR": 0.32127}