{"BTCEUR": 28217.1, "BNBEUR": 272.74, "ETHEUR": 1770.36, "LTCEUR": 115.21, "XRPEUR": 0.5341, "ADAEUR": 1.1255, "XLMEUR": 0.20514, "DOGEEUR": 0.17716}