{"BTCEUR": 32589.67, "BNBEUR": 314.45, "ETHEUR": 2205.03, "LTCEUR": 166.16, "XRPEUR": 0.9184, "ADAEUR": 1.3986, "XLMEUR": 0.38777, "DOGEEUR": 0.31837}