{"BTCEUR": 28030.95, "BNBEUR": 265.61, "ETHEUR": 1716.93, "LTCEUR": 113.9, "XRPEUR": 0.5277, "ADAEUR": 1.1061, "XLMEUR": 0.20151, "DOGEEUR": 0.17447}