{"BTCEUR": 28135.0, "BNBEUR": 267.5, "ETHEUR": 1723.01, "LTCEUR": 112.41, "XRPEUR": 0.5318, "ADAEUR": 1.099, "XLMEUR": 0.20268, "DOGEEUR": 0.17358}