{"BTCEUR": 37360.6, "BNBEUR": 450.75, "ETHEUR": 2854.6, "LTCEUR": 237.76, "XRPEUR": 1.1674, "ADAEUR": 1.8026, "XLMEUR": 0.55997, "DOGEEUR": 0.41307}