{"BTCEUR": 27631.62, "BNBEUR": 259.63, "ETHEUR": 1753.8, "LTCEUR": 108.78, "XRPEUR": 0.513, "ADAEUR": 1.117, "XLMEUR": 0.19856, "DOGEEUR": 0.18297}