{"BTCEUR": 36863.71, "BNBEUR": 430.94, "ETHEUR": 2780.28, "LTCEUR": 243.33, "XRPEUR": 1.2473, "ADAEUR": 1.688, "XLMEUR": 0.53562, "DOGEEUR": 0.40426}