{"BTCEUR": 27731.79, "BNBEUR": 260.56, "ETHEUR": 1781.93, "LTCEUR": 111.09, "XRPEUR": 0.5249, "ADAEUR": 1.1182, "XLMEUR": 0.20377, "DOGEEUR": 0.17295}