{"BTCEUR": 28468.45, "BNBEUR": 264.62, "ETHEUR": 1778.18, "LTCEUR": 111.4, "XRPEUR": 0.5245, "ADAEUR": 1.1213, "XLMEUR": 0.20394, "DOGEEUR": 0.18193}