{"BTCEUR": 27891.75, "BNBEUR": 261.83, "ETHEUR": 1784.99, "LTCEUR": 110.4, "XRPEUR": 0.5205, "ADAEUR": 1.1266, "XLMEUR": 0.20369, "DOGEEUR": 0.19186}