{"BTCEUR": 37126.56, "BNBEUR": 431.75, "ETHEUR": 2874.13, "LTCEUR": 256.98, "XRPEUR": 1.3477, "ADAEUR": 1.7519, "XLMEUR": 0.56835, "DOGEEUR": 0.40804}