{"BTCEUR": 27877.02, "BNBEUR": 266.22, "ETHEUR": 1707.58, "LTCEUR": 112.61, "XRPEUR": 0.5303, "ADAEUR": 1.1037, "XLMEUR": 0.20109, "DOGEEUR": 0.17349}