{"BTCEUR": 28413.38, "BNBEUR": 272.8, "ETHEUR": 1778.67, "LTCEUR": 114.9, "XRPEUR": 0.5379, "ADAEUR": 1.1326, "XLMEUR": 0.20649, "DOGEEUR": 0.17935}