{"BTCEUR": 28206.17, "BNBEUR": 272.0, "ETHEUR": 1767.39, "LTCEUR": 116.93, "XRPEUR": 0.5351, "ADAEUR": 1.1225, "XLMEUR": 0.20618, "DOGEEUR": 0.17822}