{"BTCEUR": 36646.53, "BNBEUR": 432.95, "ETHEUR": 2831.2, "LTCEUR": 233.55, "XRPEUR": 1.2256, "ADAEUR": 1.7612, "XLMEUR": 0.56683, "DOGEEUR": 0.40754}