{"BTCEUR": 36890.86, "BNBEUR": 437.42, "ETHEUR": 2853.14, "LTCEUR": 238.16, "XRPEUR": 1.2428, "ADAEUR": 1.7576, "XLMEUR": 0.56964, "DOGEEUR": 0.41666}