{"BTCEUR": 28459.13, "BNBEUR": 269.14, "ETHEUR": 1790.67, "LTCEUR": 113.23, "XRPEUR": 0.5286, "ADAEUR": 1.1273, "XLMEUR": 0.20439, "DOGEEUR": 0.17983}