{"BTCEUR": 28571.0, "BNBEUR": 272.63, "ETHEUR": 1804.57, "LTCEUR": 113.79, "XRPEUR": 0.5342, "ADAEUR": 1.1326, "XLMEUR": 0.20687, "DOGEEUR": 0.18188}