{"BTCEUR": 32490.43, "BNBEUR": 355.12, "ETHEUR": 2444.56, "LTCEUR": 220.75, "XRPEUR": 1.1865, "ADAEUR": 1.4314, "XLMEUR": 0.47023, "DOGEEUR": 0.34141}