{"BTCEUR": 28397.35, "BNBEUR": 263.93, "ETHEUR": 1789.63, "LTCEUR": 112.05, "XRPEUR": 0.5284, "ADAEUR": 1.1307, "XLMEUR": 0.20397, "DOGEEUR": 0.18418}