{"BTCEUR": 27945.44, "BNBEUR": 266.57, "ETHEUR": 1715.82, "LTCEUR": 112.55, "XRPEUR": 0.531, "ADAEUR": 1.1098, "XLMEUR": 0.20103, "DOGEEUR": 0.17631}