{"BTCEUR": 33285.42, "BNBEUR": 322.1, "ETHEUR": 2264.04, "LTCEUR": 169.53, "XRPEUR": 0.9363, "ADAEUR": 1.4371, "XLMEUR": 0.39439, "DOGEEUR": 0.32307}