{"BTCEUR": 28868.34, "BNBEUR": 275.77, "ETHEUR": 1807.84, "LTCEUR": 114.46, "XRPEUR": 0.5452, "ADAEUR": 1.1409, "XLMEUR": 0.20954, "DOGEEUR": 0.18261}