{"BTCEUR": 28745.16, "BNBEUR": 272.29, "ETHEUR": 1796.63, "LTCEUR": 112.8, "XRPEUR": 0.5382, "ADAEUR": 1.1334, "XLMEUR": 0.20808, "DOGEEUR": 0.18116}