{"BTCEUR": 27989.29, "BNBEUR": 268.07, "ETHEUR": 1730.2, "LTCEUR": 115.32, "XRPEUR": 0.53, "ADAEUR": 1.1078, "XLMEUR": 0.20258, "DOGEEUR": 0.17424}