{"BTCEUR": 28012.63, "BNBEUR": 264.73, "ETHEUR": 1710.74, "LTCEUR": 112.43, "XRPEUR": 0.534, "ADAEUR": 1.0976, "XLMEUR": 0.20244, "DOGEEUR": 0.17241}