{"BTCEUR": 27812.28, "BNBEUR": 265.25, "ETHEUR": 1697.9, "LTCEUR": 113.32, "XRPEUR": 0.5297, "ADAEUR": 1.0944, "XLMEUR": 0.20023, "DOGEEUR": 0.17288}