{"BTCEUR": 27589.27, "BNBEUR": 262.35, "ETHEUR": 1776.01, "LTCEUR": 110.15, "XRPEUR": 0.5205, "ADAEUR": 1.1354, "XLMEUR": 0.20476, "DOGEEUR": 0.17507}