{"BTCEUR": 30458.79, "BNBEUR": 280.14, "ETHEUR": 2031.99, "LTCEUR": 156.0, "XRPEUR": 0.8816, "ADAEUR": 1.2206, "XLMEUR": 0.37122, "DOGEEUR": 0.27475}