{"BTCEUR": 27764.53, "BNBEUR": 258.69, "ETHEUR": 1665.51, "LTCEUR": 109.63, "XRPEUR": 0.52, "ADAEUR": 1.0752, "XLMEUR": 0.19681, "DOGEEUR": 0.16853}