{"BTCEUR": 28455.78, "BNBEUR": 269.05, "ETHEUR": 1787.78, "LTCEUR": 113.42, "XRPEUR": 0.5277, "ADAEUR": 1.1293, "XLMEUR": 0.20385, "DOGEEUR": 0.17951}