{"BTCEUR": 35060.0, "BNBEUR": 419.35, "ETHEUR": 2758.3, "LTCEUR": 240.48, "XRPEUR": 1.276, "ADAEUR": 1.6642, "XLMEUR": 0.52484, "DOGEEUR": 0.38988}