{"BTCEUR": 28608.41, "BNBEUR": 272.18, "ETHEUR": 1801.93, "LTCEUR": 113.2, "XRPEUR": 0.5326, "ADAEUR": 1.1283, "XLMEUR": 0.20662, "DOGEEUR": 0.18239}