{"BTCEUR": 28089.26, "BNBEUR": 266.2, "ETHEUR": 1712.8, "LTCEUR": 112.68, "XRPEUR": 0.5363, "ADAEUR": 1.1114, "XLMEUR": 0.20377, "DOGEEUR": 0.17265}