{"BTCEUR": 28831.19, "BNBEUR": 271.41, "ETHEUR": 1801.47, "LTCEUR": 113.02, "XRPEUR": 0.5359, "ADAEUR": 1.1357, "XLMEUR": 0.20676, "DOGEEUR": 0.18161}