{"BTCEUR": 32856.29, "BNBEUR": 297.72, "ETHEUR": 2179.01, "LTCEUR": 170.93, "XRPEUR": 0.9573, "ADAEUR": 1.3444, "XLMEUR": 0.39531, "DOGEEUR": 0.29724}