{"BTCEUR": 27554.76, "BNBEUR": 258.26, "ETHEUR": 1743.96, "LTCEUR": 108.08, "XRPEUR": 0.5125, "ADAEUR": 1.1109, "XLMEUR": 0.19814, "DOGEEUR": 0.18228}