{"BTCEUR": 37317.7, "BNBEUR": 432.1, "ETHEUR": 2879.55, "LTCEUR": 259.31, "XRPEUR": 1.348, "ADAEUR": 1.7325, "XLMEUR": 0.56453, "DOGEEUR": 0.40716}