{"BTCEUR": 29101.61, "BNBEUR": 274.81, "ETHEUR": 1827.45, "LTCEUR": 114.67, "XRPEUR": 0.5402, "ADAEUR": 1.1457, "XLMEUR": 0.20873, "DOGEEUR": 0.18356}