{"BTCEUR": 28422.39, "BNBEUR": 267.81, "ETHEUR": 1787.01, "LTCEUR": 113.86, "XRPEUR": 0.5291, "ADAEUR": 1.1325, "XLMEUR": 0.20673, "DOGEEUR": 0.18045}