{"BTCEUR": 28175.44, "BNBEUR": 265.05, "ETHEUR": 1776.46, "LTCEUR": 112.11, "XRPEUR": 0.5255, "ADAEUR": 1.1268, "XLMEUR": 0.20424, "DOGEEUR": 0.17878}