{"BTCEUR": 28256.61, "BNBEUR": 266.62, "ETHEUR": 1767.24, "LTCEUR": 112.46, "XRPEUR": 0.5249, "ADAEUR": 1.1244, "XLMEUR": 0.20557, "DOGEEUR": 0.17881}