{"BTCEUR": 37350.36, "BNBEUR": 440.27, "ETHEUR": 2876.52, "LTCEUR": 237.38, "XRPEUR": 1.2538, "ADAEUR": 1.7923, "XLMEUR": 0.57654, "DOGEEUR": 0.41304}