{"BTCEUR": 28402.26, "BNBEUR": 271.49, "ETHEUR": 1778.08, "LTCEUR": 115.0, "XRPEUR": 0.5371, "ADAEUR": 1.129, "XLMEUR": 0.20667, "DOGEEUR": 0.17977}