{"BTCEUR": 27395.71, "BNBEUR": 252.92, "ETHEUR": 1625.97, "LTCEUR": 107.82, "XRPEUR": 0.5133, "ADAEUR": 1.0472, "XLMEUR": 0.19262, "DOGEEUR": 0.16521}