{"BTCEUR": 30303.19, "BNBEUR": 261.46, "ETHEUR": 1971.14, "LTCEUR": 145.1, "XRPEUR": 0.8137, "ADAEUR": 1.2587, "XLMEUR": 0.34268, "DOGEEUR": 0.29287}