{"BTCEUR": 34146.14, "BNBEUR": 311.74, "ETHEUR": 2314.34, "LTCEUR": 178.9, "XRPEUR": 0.9888, "ADAEUR": 1.5022, "XLMEUR": 0.41063, "DOGEEUR": 0.33382}