{"BTCEUR": 29068.31, "BNBEUR": 274.58, "ETHEUR": 1828.0, "LTCEUR": 114.25, "XRPEUR": 0.5389, "ADAEUR": 1.1467, "XLMEUR": 0.20851, "DOGEEUR": 0.18335}