{"BTCEUR": 27988.89, "BNBEUR": 267.37, "ETHEUR": 1719.46, "LTCEUR": 112.78, "XRPEUR": 0.5321, "ADAEUR": 1.11, "XLMEUR": 0.20171, "DOGEEUR": 0.17592}