{"BTCEUR": 28972.14, "BNBEUR": 273.5, "ETHEUR": 1814.54, "LTCEUR": 113.21, "XRPEUR": 0.5363, "ADAEUR": 1.1404, "XLMEUR": 0.20724, "DOGEEUR": 0.18277}