{"BTCEUR": 27759.28, "BNBEUR": 258.55, "ETHEUR": 1630.59, "LTCEUR": 109.78, "XRPEUR": 0.5178, "ADAEUR": 1.0623, "XLMEUR": 0.19378, "DOGEEUR": 0.16593}