{"BTCEUR": 28369.42, "BNBEUR": 267.06, "ETHEUR": 1775.84, "LTCEUR": 113.15, "XRPEUR": 0.5269, "ADAEUR": 1.1275, "XLMEUR": 0.20641, "DOGEEUR": 0.17953}