{"BTCEUR": 30807.4, "BNBEUR": 297.4, "ETHEUR": 2024.57, "LTCEUR": 158.51, "XRPEUR": 0.8962, "ADAEUR": 1.2001, "XLMEUR": 0.37677, "DOGEEUR": 0.27407}