{"BTCEUR": 28769.22, "BNBEUR": 269.38, "ETHEUR": 1817.99, "LTCEUR": 113.45, "XRPEUR": 0.5315, "ADAEUR": 1.138, "XLMEUR": 0.20769, "DOGEEUR": 0.18365}