{"BTCEUR": 27618.01, "BNBEUR": 259.0, "ETHEUR": 1751.97, "LTCEUR": 108.73, "XRPEUR": 0.5136, "ADAEUR": 1.1156, "XLMEUR": 0.19859, "DOGEEUR": 0.18281}