{"BTCEUR": 30500.64, "BNBEUR": 267.0, "ETHEUR": 1995.42, "LTCEUR": 147.44, "XRPEUR": 0.8297, "ADAEUR": 1.2688, "XLMEUR": 0.34906, "DOGEEUR": 0.29566}