{"BTCEUR": 28146.48, "BNBEUR": 267.37, "ETHEUR": 1719.24, "LTCEUR": 112.37, "XRPEUR": 0.5312, "ADAEUR": 1.0974, "XLMEUR": 0.20393, "DOGEEUR": 0.17264}