{"BTCEUR": 30963.48, "BNBEUR": 270.16, "ETHEUR": 1997.98, "LTCEUR": 148.62, "XRPEUR": 0.7964, "ADAEUR": 1.2739, "XLMEUR": 0.33581, "DOGEEUR": 0.28457}