{"BTCEUR": 27723.35, "BNBEUR": 258.0, "ETHEUR": 1623.71, "LTCEUR": 109.21, "XRPEUR": 0.516, "ADAEUR": 1.0587, "XLMEUR": 0.19362, "DOGEEUR": 0.16389}