{"BTCEUR": 28502.28, "BNBEUR": 267.25, "ETHEUR": 1806.46, "LTCEUR": 112.46, "XRPEUR": 0.535, "ADAEUR": 1.1338, "XLMEUR": 0.20684, "DOGEEUR": 0.18542}