{"BTCEUR": 28374.11, "BNBEUR": 267.16, "ETHEUR": 1779.51, "LTCEUR": 113.5, "XRPEUR": 0.5244, "ADAEUR": 1.129, "XLMEUR": 0.20447, "DOGEEUR": 0.17898}