{"BTCEUR": 28334.39, "BNBEUR": 263.4, "ETHEUR": 1778.87, "LTCEUR": 111.96, "XRPEUR": 0.5262, "ADAEUR": 1.127, "XLMEUR": 0.20392, "DOGEEUR": 0.18276}