{"BTCEUR": 27419.85, "BNBEUR": 260.28, "ETHEUR": 1670.74, "LTCEUR": 110.18, "XRPEUR": 0.5237, "ADAEUR": 1.0816, "XLMEUR": 0.19784, "DOGEEUR": 0.16907}