{"BTCEUR": 27982.72, "BNBEUR": 264.02, "ETHEUR": 1663.91, "LTCEUR": 112.17, "XRPEUR": 0.5318, "ADAEUR": 1.0856, "XLMEUR": 0.19929, "DOGEEUR": 0.17072}