{"BTCEUR": 32537.88, "BNBEUR": 313.39, "ETHEUR": 2215.77, "LTCEUR": 165.93, "XRPEUR": 0.9144, "ADAEUR": 1.4012, "XLMEUR": 0.38604, "DOGEEUR": 0.31691}