{"BTCEUR": 28018.25, "BNBEUR": 268.32, "ETHEUR": 1745.17, "LTCEUR": 115.21, "XRPEUR": 0.5302, "ADAEUR": 1.1108, "XLMEUR": 0.20327, "DOGEEUR": 0.17452}