{"BTCEUR": 29059.41, "BNBEUR": 277.16, "ETHEUR": 1824.83, "LTCEUR": 114.09, "XRPEUR": 0.5449, "ADAEUR": 1.147, "XLMEUR": 0.21068, "DOGEEUR": 0.18285}