{"BTCEUR": 27967.18, "BNBEUR": 265.89, "ETHEUR": 1718.48, "LTCEUR": 114.36, "XRPEUR": 0.5281, "ADAEUR": 1.1075, "XLMEUR": 0.20132, "DOGEEUR": 0.17447}