{"BTCEUR": 27760.35, "BNBEUR": 259.51, "ETHEUR": 1667.83, "LTCEUR": 109.65, "XRPEUR": 0.5203, "ADAEUR": 1.0699, "XLMEUR": 0.19709, "DOGEEUR": 0.16752}