{"BTCEUR": 28176.54, "BNBEUR": 264.19, "ETHEUR": 1757.33, "LTCEUR": 110.58, "XRPEUR": 0.5198, "ADAEUR": 1.1163, "XLMEUR": 0.20184, "DOGEEUR": 0.17844}