{"BTCEUR": 28272.86, "BNBEUR": 266.08, "ETHEUR": 1829.68, "LTCEUR": 113.53, "XRPEUR": 0.5366, "ADAEUR": 1.1497, "XLMEUR": 0.20771, "DOGEEUR": 0.18558}