{"BTCEUR": 30994.81, "BNBEUR": 271.5, "ETHEUR": 2020.45, "LTCEUR": 149.75, "XRPEUR": 0.8252, "ADAEUR": 1.3, "XLMEUR": 0.34326, "DOGEEUR": 0.29319}