{"BTCEUR": 28855.78, "BNBEUR": 275.48, "ETHEUR": 1804.78, "LTCEUR": 114.39, "XRPEUR": 0.5453, "ADAEUR": 1.1399, "XLMEUR": 0.20947, "DOGEEUR": 0.18189}