{"BTCEUR": 37211.02, "BNBEUR": 441.33, "ETHEUR": 2884.97, "LTCEUR": 236.2, "XRPEUR": 1.2061, "ADAEUR": 1.8035, "XLMEUR": 0.56306, "DOGEEUR": 0.41574}