{"BTCEUR": 27671.99, "BNBEUR": 259.91, "ETHEUR": 1757.87, "LTCEUR": 109.06, "XRPEUR": 0.5148, "ADAEUR": 1.118, "XLMEUR": 0.19904, "DOGEEUR": 0.18378}