{"BTCEUR": 29444.74, "BNBEUR": 249.02, "ETHEUR": 1894.42, "LTCEUR": 141.1, "XRPEUR": 0.782, "ADAEUR": 1.2156, "XLMEUR": 0.33338, "DOGEEUR": 0.27995}