{"BTCEUR": 32903.45, "BNBEUR": 353.96, "ETHEUR": 2417.64, "LTCEUR": 217.84, "XRPEUR": 1.1803, "ADAEUR": 1.4488, "XLMEUR": 0.46808, "DOGEEUR": 0.34182}