{"BTCEUR": 30521.53, "BNBEUR": 264.09, "ETHEUR": 1974.68, "LTCEUR": 145.8, "XRPEUR": 0.8075, "ADAEUR": 1.2552, "XLMEUR": 0.33409, "DOGEEUR": 0.28868}