{"BTCEUR": 28520.08, "BNBEUR": 266.03, "ETHEUR": 1800.98, "LTCEUR": 112.94, "XRPEUR": 0.5336, "ADAEUR": 1.1322, "XLMEUR": 0.20595, "DOGEEUR": 0.18481}