{"BTCEUR": 28267.78, "BNBEUR": 265.41, "ETHEUR": 1824.52, "LTCEUR": 113.44, "XRPEUR": 0.5351, "ADAEUR": 1.1422, "XLMEUR": 0.20899, "DOGEEUR": 0.18426}