{"BTCEUR": 34146.67, "BNBEUR": 334.16, "ETHEUR": 2379.21, "LTCEUR": 177.41, "XRPEUR": 0.9822, "ADAEUR": 1.5089, "XLMEUR": 0.41725, "DOGEEUR": 0.33419}