{"BTCEUR": 28430.58, "BNBEUR": 269.61, "ETHEUR": 1787.59, "LTCEUR": 113.6, "XRPEUR": 0.527, "ADAEUR": 1.1309, "XLMEUR": 0.20437, "DOGEEUR": 0.17956}