{"BTCEUR": 36502.24, "BNBEUR": 426.15, "ETHEUR": 2837.65, "LTCEUR": 253.08, "XRPEUR": 1.3303, "ADAEUR": 1.6928, "XLMEUR": 0.55028, "DOGEEUR": 0.40019}