{"BTCEUR": 36777.83, "BNBEUR": 435.94, "ETHEUR": 2850.81, "LTCEUR": 234.99, "XRPEUR": 1.2323, "ADAEUR": 1.7758, "XLMEUR": 0.56814, "DOGEEUR": 0.40938}