{"BTCEUR": 37481.17, "BNBEUR": 437.67, "ETHEUR": 2917.38, "LTCEUR": 254.1, "XRPEUR": 1.263, "ADAEUR": 1.7505, "XLMEUR": 0.55201, "DOGEEUR": 0.41068}