{"BTCEUR": 28175.58, "BNBEUR": 264.08, "ETHEUR": 1759.42, "LTCEUR": 111.6, "XRPEUR": 0.5213, "ADAEUR": 1.1174, "XLMEUR": 0.20393, "DOGEEUR": 0.17844}