{"BTCEUR": 27533.53, "BNBEUR": 261.02, "ETHEUR": 1671.01, "LTCEUR": 110.74, "XRPEUR": 0.5233, "ADAEUR": 1.0845, "XLMEUR": 0.19751, "DOGEEUR": 0.16977}