{"BTCEUR": 27281.22, "BNBEUR": 251.22, "ETHEUR": 1610.03, "LTCEUR": 107.35, "XRPEUR": 0.5117, "ADAEUR": 1.0383, "XLMEUR": 0.19103, "DOGEEUR": 0.16321}