{"BTCEUR": 32262.31, "BNBEUR": 297.48, "ETHEUR": 2103.96, "LTCEUR": 159.89, "XRPEUR": 0.862, "ADAEUR": 1.3311, "XLMEUR": 0.37746, "DOGEEUR": 0.30761}