{"BTCEUR": 28282.48, "BNBEUR": 265.8, "ETHEUR": 1827.48, "LTCEUR": 113.5, "XRPEUR": 0.5352, "ADAEUR": 1.1467, "XLMEUR": 0.20947, "DOGEEUR": 0.18476}