{"BTCEUR": 28557.23, "BNBEUR": 271.96, "ETHEUR": 1801.5, "LTCEUR": 113.98, "XRPEUR": 0.53, "ADAEUR": 1.1342, "XLMEUR": 0.20653, "DOGEEUR": 0.18121}