{"BTCEUR": 27640.5, "BNBEUR": 263.25, "ETHEUR": 1782.99, "LTCEUR": 110.62, "XRPEUR": 0.5217, "ADAEUR": 1.1393, "XLMEUR": 0.20581, "DOGEEUR": 0.17542}