{"BTCEUR": 28495.45, "BNBEUR": 265.57, "ETHEUR": 1795.82, "LTCEUR": 112.45, "XRPEUR": 0.534, "ADAEUR": 1.1309, "XLMEUR": 0.20595, "DOGEEUR": 0.18497}