{"BTCEUR": 28647.6, "BNBEUR": 274.63, "ETHEUR": 1808.46, "LTCEUR": 114.44, "XRPEUR": 0.532, "ADAEUR": 1.135, "XLMEUR": 0.20688, "DOGEEUR": 0.18225}