{"BTCEUR": 30631.36, "BNBEUR": 276.22, "ETHEUR": 2030.98, "LTCEUR": 150.57, "XRPEUR": 0.8536, "ADAEUR": 1.2965, "XLMEUR": 0.36217, "DOGEEUR": 0.29367}