{"BTCEUR": 28882.91, "BNBEUR": 275.09, "ETHEUR": 1816.11, "LTCEUR": 114.35, "XRPEUR": 0.5414, "ADAEUR": 1.1428, "XLMEUR": 0.20955, "DOGEEUR": 0.18243}