{"BTCEUR": 28419.99, "BNBEUR": 267.39, "ETHEUR": 1781.12, "LTCEUR": 113.78, "XRPEUR": 0.5252, "ADAEUR": 1.1314, "XLMEUR": 0.20455, "DOGEEUR": 0.17919}