{"BTCEUR": 28413.85, "BNBEUR": 264.2, "ETHEUR": 1769.7, "LTCEUR": 111.19, "XRPEUR": 0.5236, "ADAEUR": 1.122, "XLMEUR": 0.20379, "DOGEEUR": 0.18135}