{"BTCEUR": 28658.46, "BNBEUR": 273.91, "ETHEUR": 1812.77, "LTCEUR": 114.23, "XRPEUR": 0.5389, "ADAEUR": 1.1356, "XLMEUR": 0.20856, "DOGEEUR": 0.18405}