{"BTCEUR": 27982.96, "BNBEUR": 266.12, "ETHEUR": 1713.97, "LTCEUR": 112.77, "XRPEUR": 0.5304, "ADAEUR": 1.1046, "XLMEUR": 0.20139, "DOGEEUR": 0.17403}