{"BTCEUR": 29049.14, "BNBEUR": 277.08, "ETHEUR": 1819.01, "LTCEUR": 114.45, "XRPEUR": 0.5504, "ADAEUR": 1.1456, "XLMEUR": 0.21238, "DOGEEUR": 0.18315}