{"BTCEUR": 37107.58, "BNBEUR": 432.14, "ETHEUR": 2885.31, "LTCEUR": 251.69, "XRPEUR": 1.245, "ADAEUR": 1.7268, "XLMEUR": 0.54226, "DOGEEUR": 0.40637}