{"BTCEUR": 28208.04, "BNBEUR": 265.31, "ETHEUR": 1765.58, "LTCEUR": 111.02, "XRPEUR": 0.5206, "ADAEUR": 1.1206, "XLMEUR": 0.20297, "DOGEEUR": 0.17894}