{"BTCEUR": 28325.73, "BNBEUR": 272.5, "ETHEUR": 1779.68, "LTCEUR": 115.18, "XRPEUR": 0.5366, "ADAEUR": 1.1282, "XLMEUR": 0.20642, "DOGEEUR": 0.17918}