{"BTCEUR": 36927.48, "BNBEUR": 430.12, "ETHEUR": 2790.91, "LTCEUR": 250.3, "XRPEUR": 1.2456, "ADAEUR": 1.6968, "XLMEUR": 0.53667, "DOGEEUR": 0.40544}