{"BTCEUR": 28025.74, "BNBEUR": 268.45, "ETHEUR": 1719.28, "LTCEUR": 113.12, "XRPEUR": 0.5318, "ADAEUR": 1.1081, "XLMEUR": 0.20141, "DOGEEUR": 0.17429}