{"BTCEUR": 36930.98, "BNBEUR": 430.54, "ETHEUR": 2849.68, "LTCEUR": 248.39, "XRPEUR": 1.2452, "ADAEUR": 1.7181, "XLMEUR": 0.54592, "DOGEEUR": 0.40588}