{"BTCEUR": 32762.01, "BNBEUR": 352.86, "ETHEUR": 2398.64, "LTCEUR": 218.86, "XRPEUR": 1.1863, "ADAEUR": 1.4279, "XLMEUR": 0.46758, "DOGEEUR": 0.33818}