{"BTCEUR": 28433.6, "BNBEUR": 267.6, "ETHEUR": 1783.71, "LTCEUR": 113.76, "XRPEUR": 0.5257, "ADAEUR": 1.1328, "XLMEUR": 0.20475, "DOGEEUR": 0.17967}