{"BTCEUR": 34640.27, "BNBEUR": 328.33, "ETHEUR": 2395.97, "LTCEUR": 182.43, "XRPEUR": 1.034, "ADAEUR": 1.5602, "XLMEUR": 0.43225, "DOGEEUR": 0.34566}