{"BTCEUR": 39441.28, "BNBEUR": 475.37, "ETHEUR": 2990.8, "LTCEUR": 251.0, "XRPEUR": 1.2285, "ADAEUR": 1.8884, "XLMEUR": 0.60783, "DOGEEUR": 0.42462}