{"BTCEUR": 27942.32, "BNBEUR": 265.47, "ETHEUR": 1697.19, "LTCEUR": 113.94, "XRPEUR": 0.5326, "ADAEUR": 1.0967, "XLMEUR": 0.20039, "DOGEEUR": 0.17312}