{"BTCEUR": 34737.98, "BNBEUR": 341.21, "ETHEUR": 2428.64, "LTCEUR": 183.95, "XRPEUR": 1.0299, "ADAEUR": 1.56, "XLMEUR": 0.43274, "DOGEEUR": 0.34659}