{"BTCEUR": 30777.26, "BNBEUR": 267.76, "ETHEUR": 1999.28, "LTCEUR": 147.4, "XRPEUR": 0.8067, "ADAEUR": 1.2712, "XLMEUR": 0.33774, "DOGEEUR": 0.29052}