{"BTCEUR": 28459.32, "BNBEUR": 264.4, "ETHEUR": 1778.6, "LTCEUR": 111.54, "XRPEUR": 0.526, "ADAEUR": 1.127, "XLMEUR": 0.20406, "DOGEEUR": 0.18233}