{"BTCEUR": 34569.32, "BNBEUR": 334.6, "ETHEUR": 2393.65, "LTCEUR": 180.32, "XRPEUR": 1.0045, "ADAEUR": 1.5179, "XLMEUR": 0.42168, "DOGEEUR": 0.34118}