{"BTCEUR": 28269.76, "BNBEUR": 265.95, "ETHEUR": 1770.66, "LTCEUR": 111.53, "XRPEUR": 0.5228, "ADAEUR": 1.1226, "XLMEUR": 0.20356, "DOGEEUR": 0.17975}