{"BTCEUR": 27237.05, "BNBEUR": 251.77, "ETHEUR": 1611.31, "LTCEUR": 107.19, "XRPEUR": 0.5099, "ADAEUR": 1.0345, "XLMEUR": 0.18987, "DOGEEUR": 0.16284}