{"BTCEUR": 28572.06, "BNBEUR": 271.96, "ETHEUR": 1803.98, "LTCEUR": 113.78, "XRPEUR": 0.53, "ADAEUR": 1.133, "XLMEUR": 0.20598, "DOGEEUR": 0.18113}