{"BTCEUR": 33141.51, "BNBEUR": 308.17, "ETHEUR": 2256.16, "LTCEUR": 174.71, "XRPEUR": 0.9884, "ADAEUR": 1.4029, "XLMEUR": 0.40811, "DOGEEUR": 0.30888}