{"BTCEUR": 38987.84, "BNBEUR": 470.0, "ETHEUR": 2947.58, "LTCEUR": 246.78, "XRPEUR": 1.206, "ADAEUR": 1.844, "XLMEUR": 0.58989, "DOGEEUR": 0.41979}