{"BTCEUR": 37123.07, "BNBEUR": 442.2, "ETHEUR": 2890.76, "LTCEUR": 235.78, "XRPEUR": 1.19, "ADAEUR": 1.8138, "XLMEUR": 0.56398, "DOGEEUR": 0.41707}