{"BTCEUR": 28064.29, "BNBEUR": 266.69, "ETHEUR": 1712.99, "LTCEUR": 112.47, "XRPEUR": 0.5367, "ADAEUR": 1.1142, "XLMEUR": 0.20405, "DOGEEUR": 0.17301}