{"BTCEUR": 28555.48, "BNBEUR": 266.76, "ETHEUR": 1788.02, "LTCEUR": 112.1, "XRPEUR": 0.5267, "ADAEUR": 1.1243, "XLMEUR": 0.20661, "DOGEEUR": 0.18253}