{"BTCEUR": 27908.61, "BNBEUR": 264.64, "ETHEUR": 1711.59, "LTCEUR": 113.32, "XRPEUR": 0.5253, "ADAEUR": 1.1016, "XLMEUR": 0.20033, "DOGEEUR": 0.17353}