{"BTCEUR": 35510.19, "BNBEUR": 421.57, "ETHEUR": 2803.39, "LTCEUR": 244.96, "XRPEUR": 1.3331, "ADAEUR": 1.6536, "XLMEUR": 0.53323, "DOGEEUR": 0.39096}