{"BTCEUR": 28508.07, "BNBEUR": 265.48, "ETHEUR": 1790.5, "LTCEUR": 112.19, "XRPEUR": 0.528, "ADAEUR": 1.1304, "XLMEUR": 0.20427, "DOGEEUR": 0.18336}