{"BTCEUR": 28355.1, "BNBEUR": 272.74, "ETHEUR": 1777.01, "LTCEUR": 115.19, "XRPEUR": 0.5376, "ADAEUR": 1.1312, "XLMEUR": 0.20645, "DOGEEUR": 0.17964}