{"BTCEUR": 27800.73, "BNBEUR": 265.2, "ETHEUR": 1804.41, "LTCEUR": 111.83, "XRPEUR": 0.5264, "ADAEUR": 1.1465, "XLMEUR": 0.20793, "DOGEEUR": 0.17733}