{"BTCEUR": 37158.34, "BNBEUR": 439.09, "ETHEUR": 2881.09, "LTCEUR": 236.32, "XRPEUR": 1.2029, "ADAEUR": 1.7937, "XLMEUR": 0.56382, "DOGEEUR": 0.41291}