{"BTCEUR": 30902.65, "BNBEUR": 267.09, "ETHEUR": 1980.14, "LTCEUR": 148.36, "XRPEUR": 0.7959, "ADAEUR": 1.2595, "XLMEUR": 0.33171, "DOGEEUR": 0.28438}