{"BTCEUR": 39962.64, "BNBEUR": 482.71, "ETHEUR": 3043.86, "LTCEUR": 255.69, "XRPEUR": 1.2538, "ADAEUR": 1.918, "XLMEUR": 0.62189, "DOGEEUR": 0.42652}