{"BTCEUR": 32507.19, "BNBEUR": 287.53, "ETHEUR": 2105.02, "LTCEUR": 164.63, "XRPEUR": 0.9306, "ADAEUR": 1.2924, "XLMEUR": 0.38189, "DOGEEUR": 0.28791}