{"BTCEUR": 27829.11, "BNBEUR": 258.36, "ETHEUR": 1636.07, "LTCEUR": 109.99, "XRPEUR": 0.5223, "ADAEUR": 1.0645, "XLMEUR": 0.19479, "DOGEEUR": 0.16619}