{"BTCEUR": 31853.3, "BNBEUR": 313.38, "ETHEUR": 2138.06, "LTCEUR": 166.32, "XRPEUR": 0.941, "ADAEUR": 1.279, "XLMEUR": 0.39347, "DOGEEUR": 0.29295}