{"BTCEUR": 29037.23, "BNBEUR": 281.43, "ETHEUR": 1816.74, "LTCEUR": 116.91, "XRPEUR": 0.5505, "ADAEUR": 1.1522, "XLMEUR": 0.21209, "DOGEEUR": 0.18344}