{"BTCEUR": 28163.85, "BNBEUR": 264.0, "ETHEUR": 1760.97, "LTCEUR": 112.12, "XRPEUR": 0.522, "ADAEUR": 1.12, "XLMEUR": 0.20297, "DOGEEUR": 0.17849}