{"BTCEUR": 28191.87, "BNBEUR": 264.2, "ETHEUR": 1763.49, "LTCEUR": 112.22, "XRPEUR": 0.5219, "ADAEUR": 1.1224, "XLMEUR": 0.20364, "DOGEEUR": 0.17905}