{"BTCEUR": 27715.9, "BNBEUR": 260.62, "ETHEUR": 1767.1, "LTCEUR": 109.41, "XRPEUR": 0.5159, "ADAEUR": 1.1171, "XLMEUR": 0.19982, "DOGEEUR": 0.18446}