{"BTCEUR": 27815.42, "BNBEUR": 264.37, "ETHEUR": 1695.38, "LTCEUR": 113.17, "XRPEUR": 0.5291, "ADAEUR": 1.0942, "XLMEUR": 0.20015, "DOGEEUR": 0.17259}