{"BTCEUR": 27728.46, "BNBEUR": 262.53, "ETHEUR": 1669.12, "LTCEUR": 113.01, "XRPEUR": 0.5278, "ADAEUR": 1.0832, "XLMEUR": 0.19745, "DOGEEUR": 0.17091}