{"BTCEUR": 32901.47, "BNBEUR": 320.68, "ETHEUR": 2286.66, "LTCEUR": 168.29, "XRPEUR": 0.9359, "ADAEUR": 1.42, "XLMEUR": 0.39565, "DOGEEUR": 0.32173}