{"BTCEUR": 27857.17, "BNBEUR": 264.55, "ETHEUR": 1695.33, "LTCEUR": 113.27, "XRPEUR": 0.5309, "ADAEUR": 1.0951, "XLMEUR": 0.20082, "DOGEEUR": 0.17286}