{"BTCEUR": 28198.06, "BNBEUR": 265.19, "ETHEUR": 1775.62, "LTCEUR": 112.25, "XRPEUR": 0.5247, "ADAEUR": 1.1254, "XLMEUR": 0.20386, "DOGEEUR": 0.17912}