{"BTCEUR": 36962.48, "BNBEUR": 431.18, "ETHEUR": 2869.18, "LTCEUR": 250.65, "XRPEUR": 1.2903, "ADAEUR": 1.72, "XLMEUR": 0.55837, "DOGEEUR": 0.40434}