{"BTCEUR": 28600.31, "BNBEUR": 272.03, "ETHEUR": 1799.76, "LTCEUR": 113.12, "XRPEUR": 0.5331, "ADAEUR": 1.1282, "XLMEUR": 0.20658, "DOGEEUR": 0.18178}