{"BTCEUR": 27772.93, "BNBEUR": 260.31, "ETHEUR": 1772.28, "LTCEUR": 109.99, "XRPEUR": 0.5183, "ADAEUR": 1.1176, "XLMEUR": 0.19996, "DOGEEUR": 0.19147}