{"BTCEUR": 28114.52, "BNBEUR": 265.65, "ETHEUR": 1712.0, "LTCEUR": 111.79, "XRPEUR": 0.5296, "ADAEUR": 1.09, "XLMEUR": 0.20333, "DOGEEUR": 0.17109}