{"BTCEUR": 33276.76, "BNBEUR": 306.69, "ETHEUR": 2259.38, "LTCEUR": 174.17, "XRPEUR": 0.9672, "ADAEUR": 1.4735, "XLMEUR": 0.40644, "DOGEEUR": 0.32869}