{"BTCEUR": 28118.7, "BNBEUR": 265.93, "ETHEUR": 1713.25, "LTCEUR": 112.2, "XRPEUR": 0.5303, "ADAEUR": 1.0932, "XLMEUR": 0.20548, "DOGEEUR": 0.17147}