{"BTCEUR": 27663.03, "BNBEUR": 255.32, "ETHEUR": 1621.39, "LTCEUR": 109.14, "XRPEUR": 0.5162, "ADAEUR": 1.0524, "XLMEUR": 0.19377, "DOGEEUR": 0.16373}