{"BTCEUR": 28472.48, "BNBEUR": 265.22, "ETHEUR": 1787.09, "LTCEUR": 112.07, "XRPEUR": 0.5264, "ADAEUR": 1.1288, "XLMEUR": 0.20441, "DOGEEUR": 0.18299}