{"BTCEUR": 37219.78, "BNBEUR": 437.87, "ETHEUR": 2841.46, "LTCEUR": 235.3, "XRPEUR": 1.1731, "ADAEUR": 1.8046, "XLMEUR": 0.55671, "DOGEEUR": 0.40417}