{"BTCEUR": 27632.8, "BNBEUR": 257.07, "ETHEUR": 1757.55, "LTCEUR": 107.79, "XRPEUR": 0.51, "ADAEUR": 1.1021, "XLMEUR": 0.19837, "DOGEEUR": 0.16862}