{"BTCEUR": 28500.53, "BNBEUR": 268.5, "ETHEUR": 1803.99, "LTCEUR": 114.25, "XRPEUR": 0.5309, "ADAEUR": 1.1335, "XLMEUR": 0.20779, "DOGEEUR": 0.18159}