{"BTCEUR": 28472.81, "BNBEUR": 269.18, "ETHEUR": 1790.4, "LTCEUR": 113.65, "XRPEUR": 0.5279, "ADAEUR": 1.1292, "XLMEUR": 0.20448, "DOGEEUR": 0.17987}