{"BTCEUR": 28897.65, "BNBEUR": 280.12, "ETHEUR": 1805.79, "LTCEUR": 117.04, "XRPEUR": 0.5479, "ADAEUR": 1.1496, "XLMEUR": 0.21101, "DOGEEUR": 0.18255}