{"BTCEUR": 28356.96, "BNBEUR": 267.6, "ETHEUR": 1785.54, "LTCEUR": 113.59, "XRPEUR": 0.5287, "ADAEUR": 1.1316, "XLMEUR": 0.20665, "DOGEEUR": 0.18035}