{"BTCEUR": 31877.84, "BNBEUR": 314.12, "ETHEUR": 2146.34, "LTCEUR": 165.96, "XRPEUR": 0.9356, "ADAEUR": 1.2972, "XLMEUR": 0.39415, "DOGEEUR": 0.29438}