{"BTCEUR": 28190.32, "BNBEUR": 264.83, "ETHEUR": 1764.25, "LTCEUR": 110.9, "XRPEUR": 0.521, "ADAEUR": 1.1195, "XLMEUR": 0.20285, "DOGEEUR": 0.17893}