{"BTCEUR": 27618.79, "BNBEUR": 261.6, "ETHEUR": 1656.14, "LTCEUR": 112.4, "XRPEUR": 0.5255, "ADAEUR": 1.0765, "XLMEUR": 0.19581, "DOGEEUR": 0.17022}