{"BTCEUR": 35014.6, "BNBEUR": 411.48, "ETHEUR": 2638.0, "LTCEUR": 220.3, "XRPEUR": 1.2286, "ADAEUR": 1.6674, "XLMEUR": 0.53575, "DOGEEUR": 0.39348}