{"BTCEUR": 27895.76, "BNBEUR": 262.1, "ETHEUR": 1807.68, "LTCEUR": 111.25, "XRPEUR": 0.5241, "ADAEUR": 1.1301, "XLMEUR": 0.20247, "DOGEEUR": 0.17361}