{"BTCEUR": 27579.13, "BNBEUR": 261.87, "ETHEUR": 1675.47, "LTCEUR": 111.04, "XRPEUR": 0.5257, "ADAEUR": 1.0848, "XLMEUR": 0.19789, "DOGEEUR": 0.16985}