{"BTCEUR": 28387.47, "BNBEUR": 267.43, "ETHEUR": 1789.51, "LTCEUR": 113.41, "XRPEUR": 0.5277, "ADAEUR": 1.1308, "XLMEUR": 0.20718, "DOGEEUR": 0.18146}