{"BTCEUR": 28192.99, "BNBEUR": 264.33, "ETHEUR": 1761.73, "LTCEUR": 110.74, "XRPEUR": 0.5203, "ADAEUR": 1.1171, "XLMEUR": 0.20243, "DOGEEUR": 0.17861}