{"BTCEUR": 28140.13, "BNBEUR": 263.73, "ETHEUR": 1791.63, "LTCEUR": 112.32, "XRPEUR": 0.5308, "ADAEUR": 1.1262, "XLMEUR": 0.20675, "DOGEEUR": 0.18609}