{"BTCEUR": 27762.62, "BNBEUR": 262.08, "ETHEUR": 1682.45, "LTCEUR": 110.27, "XRPEUR": 0.5259, "ADAEUR": 1.0939, "XLMEUR": 0.19792, "DOGEEUR": 0.17106}