{"BTCEUR": 28472.7, "BNBEUR": 263.84, "ETHEUR": 1788.19, "LTCEUR": 112.33, "XRPEUR": 0.5274, "ADAEUR": 1.1303, "XLMEUR": 0.20478, "DOGEEUR": 0.18401}