{"BTCEUR": 32982.01, "BNBEUR": 355.3, "ETHEUR": 2427.55, "LTCEUR": 219.44, "XRPEUR": 1.1814, "ADAEUR": 1.4511, "XLMEUR": 0.47221, "DOGEEUR": 0.34499}