{"BTCEUR": 31111.46, "BNBEUR": 273.24, "ETHEUR": 2023.1, "LTCEUR": 150.17, "XRPEUR": 0.8065, "ADAEUR": 1.2831, "XLMEUR": 0.34285, "DOGEEUR": 0.28986}