{"BTCEUR": 32756.88, "BNBEUR": 295.55, "ETHEUR": 2195.38, "LTCEUR": 170.3, "XRPEUR": 0.9572, "ADAEUR": 1.3778, "XLMEUR": 0.39602, "DOGEEUR": 0.30114}