{"BTCEUR": 27897.55, "BNBEUR": 263.75, "ETHEUR": 1659.82, "LTCEUR": 112.19, "XRPEUR": 0.5299, "ADAEUR": 1.0812, "XLMEUR": 0.19839, "DOGEEUR": 0.17111}