{"BTCEUR": 28174.15, "BNBEUR": 265.07, "ETHEUR": 1775.7, "LTCEUR": 112.12, "XRPEUR": 0.5244, "ADAEUR": 1.1271, "XLMEUR": 0.20412, "DOGEEUR": 0.17892}