{"BTCEUR": 27803.97, "BNBEUR": 264.61, "ETHEUR": 1715.95, "LTCEUR": 112.25, "XRPEUR": 0.5275, "ADAEUR": 1.1049, "XLMEUR": 0.20115, "DOGEEUR": 0.17473}