{"BTCEUR": 27781.96, "BNBEUR": 263.5, "ETHEUR": 1683.95, "LTCEUR": 113.48, "XRPEUR": 0.5313, "ADAEUR": 1.0859, "XLMEUR": 0.19883, "DOGEEUR": 0.17103}