{"BTCEUR": 27846.94, "BNBEUR": 260.75, "ETHEUR": 1641.0, "LTCEUR": 110.58, "XRPEUR": 0.5218, "ADAEUR": 1.0686, "XLMEUR": 0.19528, "DOGEEUR": 0.16732}