{"BTCEUR": 28164.91, "BNBEUR": 263.94, "ETHEUR": 1793.16, "LTCEUR": 112.42, "XRPEUR": 0.5297, "ADAEUR": 1.1295, "XLMEUR": 0.20774, "DOGEEUR": 0.18626}