{"BTCEUR": 32783.74, "BNBEUR": 300.21, "ETHEUR": 2195.45, "LTCEUR": 172.05, "XRPEUR": 0.9572, "ADAEUR": 1.3777, "XLMEUR": 0.39762, "DOGEEUR": 0.29917}