{"BTCEUR": 37210.97, "BNBEUR": 448.6, "ETHEUR": 2829.8, "LTCEUR": 236.36, "XRPEUR": 1.1551, "ADAEUR": 1.786, "XLMEUR": 0.55614, "DOGEEUR": 0.40794}