{"BTCEUR": 33808.17, "BNBEUR": 314.79, "ETHEUR": 2225.21, "LTCEUR": 169.84, "XRPEUR": 0.9323, "ADAEUR": 1.3987, "XLMEUR": 0.39888, "DOGEEUR": 0.32155}