{"BTCEUR": 40478.44, "BNBEUR": 490.85, "ETHEUR": 3078.43, "LTCEUR": 260.0, "XRPEUR": 1.2801, "ADAEUR": 1.949, "XLMEUR": 0.64279, "DOGEEUR": 0.43102}