{"BTCEUR": 36786.42, "BNBEUR": 428.14, "ETHEUR": 2780.47, "LTCEUR": 249.48, "XRPEUR": 1.2443, "ADAEUR": 1.6922, "XLMEUR": 0.53663, "DOGEEUR": 0.40385}