{"BTCEUR": 35130.09, "BNBEUR": 418.43, "ETHEUR": 2781.64, "LTCEUR": 241.49, "XRPEUR": 1.3241, "ADAEUR": 1.643, "XLMEUR": 0.53357, "DOGEEUR": 0.38966}