{"BTCEUR": 35492.25, "BNBEUR": 420.4, "ETHEUR": 2807.08, "LTCEUR": 244.35, "XRPEUR": 1.3237, "ADAEUR": 1.6646, "XLMEUR": 0.53657, "DOGEEUR": 0.39535}