{"BTCEUR": 28410.26, "BNBEUR": 263.65, "ETHEUR": 1765.46, "LTCEUR": 111.17, "XRPEUR": 0.5223, "ADAEUR": 1.1185, "XLMEUR": 0.20341, "DOGEEUR": 0.18134}