{"BTCEUR": 33461.97, "BNBEUR": 312.6, "ETHEUR": 2277.43, "LTCEUR": 177.68, "XRPEUR": 1.0069, "ADAEUR": 1.4403, "XLMEUR": 0.41372, "DOGEEUR": 0.31617}