{"BTCEUR": 33319.25, "BNBEUR": 325.78, "ETHEUR": 2310.62, "LTCEUR": 173.35, "XRPEUR": 0.9777, "ADAEUR": 1.5023, "XLMEUR": 0.40571, "DOGEEUR": 0.33547}