{"BTCEUR": 28858.69, "BNBEUR": 271.5, "ETHEUR": 1801.72, "LTCEUR": 112.95, "XRPEUR": 0.5361, "ADAEUR": 1.1352, "XLMEUR": 0.20632, "DOGEEUR": 0.18212}