{"BTCEUR": 34214.92, "BNBEUR": 335.42, "ETHEUR": 2375.74, "LTCEUR": 177.69, "XRPEUR": 0.9851, "ADAEUR": 1.517, "XLMEUR": 0.41487, "DOGEEUR": 0.33601}