{"BTCEUR": 28532.76, "BNBEUR": 274.72, "ETHEUR": 1784.52, "LTCEUR": 115.24, "XRPEUR": 0.5405, "ADAEUR": 1.1352, "XLMEUR": 0.20745, "DOGEEUR": 0.18019}