{"BTCEUR": 27597.3, "BNBEUR": 259.11, "ETHEUR": 1768.55, "LTCEUR": 109.55, "XRPEUR": 0.5164, "ADAEUR": 1.1124, "XLMEUR": 0.19933, "DOGEEUR": 0.18018}