{"BTCEUR": 35896.72, "BNBEUR": 422.3, "ETHEUR": 2708.57, "LTCEUR": 231.88, "XRPEUR": 1.2333, "ADAEUR": 1.676, "XLMEUR": 0.53226, "DOGEEUR": 0.40218}