{"BTCEUR": 27937.27, "BNBEUR": 266.0, "ETHEUR": 1710.26, "LTCEUR": 112.5, "XRPEUR": 0.5295, "ADAEUR": 1.1017, "XLMEUR": 0.20138, "DOGEEUR": 0.17345}