{"BTCEUR": 33395.92, "BNBEUR": 308.68, "ETHEUR": 2269.14, "LTCEUR": 174.28, "XRPEUR": 0.9706, "ADAEUR": 1.4821, "XLMEUR": 0.40747, "DOGEEUR": 0.32796}