{"BTCEUR": 33199.96, "BNBEUR": 303.0, "ETHEUR": 2231.67, "LTCEUR": 174.37, "XRPEUR": 0.9792, "ADAEUR": 1.4197, "XLMEUR": 0.40577, "DOGEEUR": 0.33166}