{"BTCEUR": 37303.58, "BNBEUR": 451.98, "ETHEUR": 2809.86, "LTCEUR": 238.77, "XRPEUR": 1.1461, "ADAEUR": 1.713, "XLMEUR": 0.56192, "DOGEEUR": 0.41895}