{"BTCEUR": 28373.87, "BNBEUR": 263.81, "ETHEUR": 1778.78, "LTCEUR": 111.64, "XRPEUR": 0.5282, "ADAEUR": 1.126, "XLMEUR": 0.20389, "DOGEEUR": 0.18261}