{"BTCEUR": 27611.87, "BNBEUR": 262.09, "ETHEUR": 1676.03, "LTCEUR": 111.4, "XRPEUR": 0.5266, "ADAEUR": 1.0844, "XLMEUR": 0.19868, "DOGEEUR": 0.17004}