{"BTCEUR": 28292.94, "BNBEUR": 265.5, "ETHEUR": 1826.81, "LTCEUR": 113.91, "XRPEUR": 0.5367, "ADAEUR": 1.1458, "XLMEUR": 0.20866, "DOGEEUR": 0.18457}