{"BTCEUR": 35108.6, "BNBEUR": 418.02, "ETHEUR": 2748.98, "LTCEUR": 241.0, "XRPEUR": 1.2823, "ADAEUR": 1.6603, "XLMEUR": 0.52591, "DOGEEUR": 0.38848}