{"BTCEUR": 33817.3, "BNBEUR": 327.26, "ETHEUR": 2341.83, "LTCEUR": 174.35, "XRPEUR": 0.9562, "ADAEUR": 1.456, "XLMEUR": 0.40433, "DOGEEUR": 0.32698}