{"BTCEUR": 27988.71, "BNBEUR": 263.1, "ETHEUR": 1812.37, "LTCEUR": 111.29, "XRPEUR": 0.5245, "ADAEUR": 1.1249, "XLMEUR": 0.20263, "DOGEEUR": 0.17401}