{"BTCEUR": 28237.12, "BNBEUR": 264.76, "ETHEUR": 1797.58, "LTCEUR": 112.63, "XRPEUR": 0.5316, "ADAEUR": 1.131, "XLMEUR": 0.20696, "DOGEEUR": 0.18573}