{"BTCEUR": 27674.39, "BNBEUR": 259.86, "ETHEUR": 1759.53, "LTCEUR": 109.13, "XRPEUR": 0.5146, "ADAEUR": 1.1225, "XLMEUR": 0.19923, "DOGEEUR": 0.18334}