{"BTCEUR": 27894.83, "BNBEUR": 260.41, "ETHEUR": 1671.23, "LTCEUR": 109.97, "XRPEUR": 0.5204, "ADAEUR": 1.0715, "XLMEUR": 0.19711, "DOGEEUR": 0.16941}