{"BTCEUR": 35438.47, "BNBEUR": 413.97, "ETHEUR": 2718.98, "LTCEUR": 244.35, "XRPEUR": 1.2831, "ADAEUR": 1.6427, "XLMEUR": 0.53365, "DOGEEUR": 0.39247}