{"BTCEUR": 28529.05, "BNBEUR": 265.5, "ETHEUR": 1792.92, "LTCEUR": 112.27, "XRPEUR": 0.5274, "ADAEUR": 1.133, "XLMEUR": 0.20469, "DOGEEUR": 0.18381}