{"BTCEUR": 31347.79, "BNBEUR": 269.77, "ETHEUR": 1998.0, "LTCEUR": 154.05, "XRPEUR": 0.8736, "ADAEUR": 1.2414, "XLMEUR": 0.35813, "DOGEEUR": 0.27117}