{"BTCEUR": 27890.82, "BNBEUR": 260.22, "ETHEUR": 1670.27, "LTCEUR": 110.13, "XRPEUR": 0.5211, "ADAEUR": 1.0719, "XLMEUR": 0.19761, "DOGEEUR": 0.16983}