{"BTCEUR": 32806.18, "BNBEUR": 329.3, "ETHEUR": 2362.44, "LTCEUR": 181.6, "XRPEUR": 1.0344, "ADAEUR": 1.4676, "XLMEUR": 0.42393, "DOGEEUR": 0.32961}