{"BTCEUR": 32551.69, "BNBEUR": 291.54, "ETHEUR": 2109.43, "LTCEUR": 163.01, "XRPEUR": 0.9378, "ADAEUR": 1.2965, "XLMEUR": 0.38728, "DOGEEUR": 0.28774}