{"BTCEUR": 27996.01, "BNBEUR": 266.81, "ETHEUR": 1716.36, "LTCEUR": 112.53, "XRPEUR": 0.533, "ADAEUR": 1.1097, "XLMEUR": 0.20231, "DOGEEUR": 0.17652}