{"BTCEUR": 28108.61, "BNBEUR": 266.67, "ETHEUR": 1714.47, "LTCEUR": 111.8, "XRPEUR": 0.5302, "ADAEUR": 1.0906, "XLMEUR": 0.20293, "DOGEEUR": 0.17154}