{"BTCEUR": 40210.19, "BNBEUR": 486.41, "ETHEUR": 3066.9, "LTCEUR": 257.5, "XRPEUR": 1.2575, "ADAEUR": 1.9202, "XLMEUR": 0.62373, "DOGEEUR": 0.42983}