{"BTCEUR": 35706.28, "BNBEUR": 422.67, "ETHEUR": 2838.49, "LTCEUR": 244.34, "XRPEUR": 1.3121, "ADAEUR": 1.6623, "XLMEUR": 0.53521, "DOGEEUR": 0.39455}