{"BTCEUR": 36720.04, "BNBEUR": 443.35, "ETHEUR": 2794.96, "LTCEUR": 232.13, "XRPEUR": 1.1489, "ADAEUR": 1.7374, "XLMEUR": 0.54374, "DOGEEUR": 0.40522}