{"BTCEUR": 27778.59, "BNBEUR": 258.23, "ETHEUR": 1662.54, "LTCEUR": 109.65, "XRPEUR": 0.5206, "ADAEUR": 1.0647, "XLMEUR": 0.19609, "DOGEEUR": 0.16786}