{"BTCEUR": 27867.33, "BNBEUR": 263.11, "ETHEUR": 1692.65, "LTCEUR": 111.16, "XRPEUR": 0.5344, "ADAEUR": 1.0967, "XLMEUR": 0.20076, "DOGEEUR": 0.17178}