{"BTCEUR": 28960.0, "BNBEUR": 273.01, "ETHEUR": 1811.68, "LTCEUR": 113.3, "XRPEUR": 0.5362, "ADAEUR": 1.1392, "XLMEUR": 0.20714, "DOGEEUR": 0.18274}