{"BTCEUR": 31026.75, "BNBEUR": 270.53, "ETHEUR": 1991.18, "LTCEUR": 149.84, "XRPEUR": 0.8029, "ADAEUR": 1.2742, "XLMEUR": 0.33542, "DOGEEUR": 0.28543}