{"BTCEUR": 36598.18, "BNBEUR": 431.0, "ETHEUR": 2794.68, "LTCEUR": 239.02, "XRPEUR": 1.2478, "ADAEUR": 1.7173, "XLMEUR": 0.55058, "DOGEEUR": 0.40717}