{"BTCEUR": 30633.95, "BNBEUR": 260.87, "ETHEUR": 1929.3, "LTCEUR": 148.72, "XRPEUR": 0.7762, "ADAEUR": 1.2543, "XLMEUR": 0.32999, "DOGEEUR": 0.28217}