{"BTCEUR": 30099.61, "BNBEUR": 268.48, "ETHEUR": 1976.8, "LTCEUR": 146.5, "XRPEUR": 0.8317, "ADAEUR": 1.2558, "XLMEUR": 0.35607, "DOGEEUR": 0.28893}