{"BTCEUR": 37478.28, "BNBEUR": 441.6, "ETHEUR": 2878.35, "LTCEUR": 238.26, "XRPEUR": 1.2486, "ADAEUR": 1.8022, "XLMEUR": 0.57446, "DOGEEUR": 0.41413}