{"BTCEUR": 31433.58, "BNBEUR": 277.57, "ETHEUR": 2009.19, "LTCEUR": 156.46, "XRPEUR": 0.9002, "ADAEUR": 1.2699, "XLMEUR": 0.37286, "DOGEEUR": 0.27743}