{"BTCEUR": 27291.65, "BNBEUR": 251.2, "ETHEUR": 1610.68, "LTCEUR": 107.13, "XRPEUR": 0.5118, "ADAEUR": 1.0373, "XLMEUR": 0.19084, "DOGEEUR": 0.16353}