{"BTCEUR": 37530.25, "BNBEUR": 437.51, "ETHEUR": 2927.87, "LTCEUR": 253.53, "XRPEUR": 1.2667, "ADAEUR": 1.77, "XLMEUR": 0.55378, "DOGEEUR": 0.41002}