{"BTCEUR": 27866.44, "BNBEUR": 262.25, "ETHEUR": 1808.85, "LTCEUR": 111.07, "XRPEUR": 0.5241, "ADAEUR": 1.1306, "XLMEUR": 0.20276, "DOGEEUR": 0.17302}