{"BTCEUR": 28121.82, "BNBEUR": 263.8, "ETHEUR": 1794.76, "LTCEUR": 112.58, "XRPEUR": 0.5322, "ADAEUR": 1.1332, "XLMEUR": 0.20714, "DOGEEUR": 0.18445}