{"BTCEUR": 28578.49, "BNBEUR": 273.28, "ETHEUR": 1800.67, "LTCEUR": 113.98, "XRPEUR": 0.5305, "ADAEUR": 1.1318, "XLMEUR": 0.20656, "DOGEEUR": 0.18162}