{"BTCEUR": 27880.88, "BNBEUR": 262.6, "ETHEUR": 1687.66, "LTCEUR": 111.98, "XRPEUR": 0.5304, "ADAEUR": 1.0947, "XLMEUR": 0.20037, "DOGEEUR": 0.17151}