{"BTCEUR": 35212.88, "BNBEUR": 420.71, "ETHEUR": 2775.0, "LTCEUR": 243.86, "XRPEUR": 1.2874, "ADAEUR": 1.6755, "XLMEUR": 0.52531, "DOGEEUR": 0.38969}