{"BTCEUR": 32897.05, "BNBEUR": 301.1, "ETHEUR": 2202.21, "LTCEUR": 171.75, "XRPEUR": 0.9625, "ADAEUR": 1.3798, "XLMEUR": 0.39874, "DOGEEUR": 0.30024}