{"BTCEUR": 30724.17, "BNBEUR": 266.49, "ETHEUR": 1996.58, "LTCEUR": 148.28, "XRPEUR": 0.8262, "ADAEUR": 1.2779, "XLMEUR": 0.34678, "DOGEEUR": 0.29511}