{"BTCEUR": 28563.36, "BNBEUR": 265.95, "ETHEUR": 1787.62, "LTCEUR": 112.1, "XRPEUR": 0.5264, "ADAEUR": 1.1249, "XLMEUR": 0.20595, "DOGEEUR": 0.18237}