{"BTCEUR": 28463.95, "BNBEUR": 266.46, "ETHEUR": 1800.55, "LTCEUR": 112.49, "XRPEUR": 0.533, "ADAEUR": 1.1305, "XLMEUR": 0.20602, "DOGEEUR": 0.18411}