{"BTCEUR": 35264.89, "BNBEUR": 414.93, "ETHEUR": 2745.03, "LTCEUR": 245.85, "XRPEUR": 1.2702, "ADAEUR": 1.6417, "XLMEUR": 0.52875, "DOGEEUR": 0.38872}