{"BTCEUR": 28240.0, "BNBEUR": 272.02, "ETHEUR": 1776.23, "LTCEUR": 114.94, "XRPEUR": 0.5362, "ADAEUR": 1.1271, "XLMEUR": 0.20581, "DOGEEUR": 0.17893}