{"BTCEUR": 33353.38, "BNBEUR": 378.86, "ETHEUR": 2535.11, "LTCEUR": 224.51, "XRPEUR": 1.2183, "ADAEUR": 1.4949, "XLMEUR": 0.49088, "DOGEEUR": 0.35344}