{"BTCEUR": 27800.72, "BNBEUR": 266.02, "ETHEUR": 1816.87, "LTCEUR": 111.8, "XRPEUR": 0.5275, "ADAEUR": 1.1476, "XLMEUR": 0.20762, "DOGEEUR": 0.17845}