{"BTCEUR": 28425.62, "BNBEUR": 264.04, "ETHEUR": 1783.67, "LTCEUR": 112.22, "XRPEUR": 0.5259, "ADAEUR": 1.1301, "XLMEUR": 0.20395, "DOGEEUR": 0.18391}