{"BTCEUR": 35278.13, "BNBEUR": 414.07, "ETHEUR": 2647.17, "LTCEUR": 220.88, "XRPEUR": 1.2284, "ADAEUR": 1.6157, "XLMEUR": 0.53919, "DOGEEUR": 0.39415}