{"BTCEUR": 28073.44, "BNBEUR": 264.38, "ETHEUR": 1765.55, "LTCEUR": 111.12, "XRPEUR": 0.5232, "ADAEUR": 1.1163, "XLMEUR": 0.20283, "DOGEEUR": 0.17827}