{"BTCEUR": 28477.8, "BNBEUR": 271.14, "ETHEUR": 1792.99, "LTCEUR": 113.51, "XRPEUR": 0.5291, "ADAEUR": 1.1301, "XLMEUR": 0.20559, "DOGEEUR": 0.17998}