{"BTCEUR": 28491.88, "BNBEUR": 264.94, "ETHEUR": 1792.0, "LTCEUR": 112.17, "XRPEUR": 0.5263, "ADAEUR": 1.132, "XLMEUR": 0.20489, "DOGEEUR": 0.18418}