{"BTCEUR": 33888.98, "BNBEUR": 400.54, "ETHEUR": 2647.05, "LTCEUR": 228.92, "XRPEUR": 1.2428, "ADAEUR": 1.5552, "XLMEUR": 0.50882, "DOGEEUR": 0.36794}