{"BTCEUR": 37692.24, "BNBEUR": 454.73, "ETHEUR": 2915.4, "LTCEUR": 240.43, "XRPEUR": 1.1741, "ADAEUR": 1.8236, "XLMEUR": 0.58166, "DOGEEUR": 0.40458}