{"BTCEUR": 34581.09, "BNBEUR": 339.72, "ETHEUR": 2414.12, "LTCEUR": 182.96, "XRPEUR": 1.0232, "ADAEUR": 1.5438, "XLMEUR": 0.42488, "DOGEEUR": 0.34356}