{"BTCEUR": 35909.24, "BNBEUR": 417.6, "ETHEUR": 2765.04, "LTCEUR": 247.63, "XRPEUR": 1.2993, "ADAEUR": 1.6568, "XLMEUR": 0.53795, "DOGEEUR": 0.39489}