{"BTCEUR": 28362.77, "BNBEUR": 266.41, "ETHEUR": 1773.35, "LTCEUR": 112.9, "XRPEUR": 0.5241, "ADAEUR": 1.1313, "XLMEUR": 0.20501, "DOGEEUR": 0.17964}