{"BTCEUR": 28619.95, "BNBEUR": 272.57, "ETHEUR": 1805.76, "LTCEUR": 113.1, "XRPEUR": 0.5335, "ADAEUR": 1.1299, "XLMEUR": 0.20653, "DOGEEUR": 0.18221}