{"BTCEUR": 33295.03, "BNBEUR": 305.61, "ETHEUR": 2247.98, "LTCEUR": 173.47, "XRPEUR": 0.9713, "ADAEUR": 1.4805, "XLMEUR": 0.40638, "DOGEEUR": 0.32894}