{"BTCEUR": 35647.49, "BNBEUR": 424.32, "ETHEUR": 2794.43, "LTCEUR": 249.65, "XRPEUR": 1.31, "ADAEUR": 1.7042, "XLMEUR": 0.53994, "DOGEEUR": 0.39382}