{"BTCEUR": 28113.46, "BNBEUR": 265.97, "ETHEUR": 1718.48, "LTCEUR": 112.63, "XRPEUR": 0.5294, "ADAEUR": 1.0964, "XLMEUR": 0.20287, "DOGEEUR": 0.17399}