{"BTCEUR": 27707.64, "BNBEUR": 257.74, "ETHEUR": 1764.39, "LTCEUR": 108.65, "XRPEUR": 0.5134, "ADAEUR": 1.1053, "XLMEUR": 0.19934, "DOGEEUR": 0.16989}