{"BTCEUR": 34111.04, "BNBEUR": 332.86, "ETHEUR": 2378.05, "LTCEUR": 177.0, "XRPEUR": 0.9737, "ADAEUR": 1.503, "XLMEUR": 0.41612, "DOGEEUR": 0.33368}