{"BTCEUR": 28272.1, "BNBEUR": 266.35, "ETHEUR": 1771.04, "LTCEUR": 112.85, "XRPEUR": 0.5247, "ADAEUR": 1.1283, "XLMEUR": 0.20439, "DOGEEUR": 0.17918}