{"BTCEUR": 32370.99, "BNBEUR": 350.68, "ETHEUR": 2406.79, "LTCEUR": 217.25, "XRPEUR": 1.177, "ADAEUR": 1.4114, "XLMEUR": 0.46551, "DOGEEUR": 0.33705}