{"BTCEUR": 31859.05, "BNBEUR": 337.34, "ETHEUR": 2242.52, "LTCEUR": 205.13, "XRPEUR": 1.1044, "ADAEUR": 1.3271, "XLMEUR": 0.43992, "DOGEEUR": 0.31571}