{"BTCEUR": 30298.44, "BNBEUR": 291.4, "ETHEUR": 2138.33, "LTCEUR": 161.7, "XRPEUR": 0.9611, "ADAEUR": 1.2435, "XLMEUR": 0.36663, "DOGEEUR": 0.29659}