{"BTCEUR": 27803.15, "BNBEUR": 262.13, "ETHEUR": 1685.87, "LTCEUR": 112.1, "XRPEUR": 0.5299, "ADAEUR": 1.093, "XLMEUR": 0.20045, "DOGEEUR": 0.17115}