{"BTCEUR": 34099.39, "BNBEUR": 317.32, "ETHEUR": 2258.99, "LTCEUR": 170.85, "XRPEUR": 0.9383, "ADAEUR": 1.4018, "XLMEUR": 0.39922, "DOGEEUR": 0.32379}