{"BTCEUR": 33656.56, "BNBEUR": 321.1, "ETHEUR": 2284.02, "LTCEUR": 173.13, "XRPEUR": 0.9629, "ADAEUR": 1.4862, "XLMEUR": 0.40292, "DOGEEUR": 0.33012}