{"BTCEUR": 27973.04, "BNBEUR": 265.13, "ETHEUR": 1717.52, "LTCEUR": 114.17, "XRPEUR": 0.527, "ADAEUR": 1.105, "XLMEUR": 0.20151, "DOGEEUR": 0.17444}