{"BTCEUR": 28290.96, "BNBEUR": 266.6, "ETHEUR": 1768.42, "LTCEUR": 112.66, "XRPEUR": 0.5252, "ADAEUR": 1.1249, "XLMEUR": 0.20599, "DOGEEUR": 0.17935}