{"BTCEUR": 28180.48, "BNBEUR": 264.3, "ETHEUR": 1760.29, "LTCEUR": 110.79, "XRPEUR": 0.52, "ADAEUR": 1.1161, "XLMEUR": 0.20214, "DOGEEUR": 0.17827}