{"BTCEUR": 27624.1, "BNBEUR": 260.17, "ETHEUR": 1784.38, "LTCEUR": 110.73, "XRPEUR": 0.523, "ADAEUR": 1.1292, "XLMEUR": 0.20476, "DOGEEUR": 0.17404}