{"BTCEUR": 28118.28, "BNBEUR": 265.54, "ETHEUR": 1713.97, "LTCEUR": 111.74, "XRPEUR": 0.5305, "ADAEUR": 1.0909, "XLMEUR": 0.20343, "DOGEEUR": 0.17136}