{"BTCEUR": 36975.6, "BNBEUR": 431.5, "ETHEUR": 2868.61, "LTCEUR": 249.58, "XRPEUR": 1.2419, "ADAEUR": 1.7243, "XLMEUR": 0.54242, "DOGEEUR": 0.40514}