{"BTCEUR": 28423.5, "BNBEUR": 273.28, "ETHEUR": 1779.87, "LTCEUR": 115.12, "XRPEUR": 0.539, "ADAEUR": 1.1275, "XLMEUR": 0.20673, "DOGEEUR": 0.17963}