{"BTCEUR": 27393.57, "BNBEUR": 254.07, "ETHEUR": 1622.87, "LTCEUR": 107.92, "XRPEUR": 0.5126, "ADAEUR": 1.0523, "XLMEUR": 0.19237, "DOGEEUR": 0.16444}