{"BTCEUR": 28675.25, "BNBEUR": 268.2, "ETHEUR": 1799.14, "LTCEUR": 113.1, "XRPEUR": 0.5301, "ADAEUR": 1.1358, "XLMEUR": 0.20658, "DOGEEUR": 0.18285}