{"BTCEUR": 27807.54, "BNBEUR": 265.14, "ETHEUR": 1714.45, "LTCEUR": 112.28, "XRPEUR": 0.5284, "ADAEUR": 1.1064, "XLMEUR": 0.20043, "DOGEEUR": 0.17759}