{"BTCEUR": 33861.79, "BNBEUR": 326.26, "ETHEUR": 2302.08, "LTCEUR": 175.53, "XRPEUR": 0.9797, "ADAEUR": 1.504, "XLMEUR": 0.40644, "DOGEEUR": 0.33422}