{"BTCEUR": 28102.97, "BNBEUR": 265.43, "ETHEUR": 1713.56, "LTCEUR": 112.58, "XRPEUR": 0.5352, "ADAEUR": 1.0964, "XLMEUR": 0.20331, "DOGEEUR": 0.17265}