{"BTCEUR": 27796.42, "BNBEUR": 266.35, "ETHEUR": 1817.14, "LTCEUR": 111.8, "XRPEUR": 0.5291, "ADAEUR": 1.1468, "XLMEUR": 0.20777, "DOGEEUR": 0.17914}