{"BTCEUR": 37129.86, "BNBEUR": 441.58, "ETHEUR": 2874.98, "LTCEUR": 239.36, "XRPEUR": 1.2576, "ADAEUR": 1.7715, "XLMEUR": 0.57428, "DOGEEUR": 0.41614}