{"BTCEUR": 27586.96, "BNBEUR": 258.15, "ETHEUR": 1768.91, "LTCEUR": 110.05, "XRPEUR": 0.519, "ADAEUR": 1.1082, "XLMEUR": 0.20187, "DOGEEUR": 0.17005}