{"BTCEUR": 27911.9, "BNBEUR": 266.68, "ETHEUR": 1720.35, "LTCEUR": 112.76, "XRPEUR": 0.5304, "ADAEUR": 1.1089, "XLMEUR": 0.20157, "DOGEEUR": 0.17637}