{"BTCEUR": 28462.42, "BNBEUR": 270.73, "ETHEUR": 1791.07, "LTCEUR": 113.19, "XRPEUR": 0.5289, "ADAEUR": 1.1285, "XLMEUR": 0.20503, "DOGEEUR": 0.17957}