{"BTCEUR": 28190.64, "BNBEUR": 264.29, "ETHEUR": 1760.13, "LTCEUR": 110.67, "XRPEUR": 0.5197, "ADAEUR": 1.1203, "XLMEUR": 0.20176, "DOGEEUR": 0.17815}