{"BTCEUR": 28500.9, "BNBEUR": 268.07, "ETHEUR": 1790.8, "LTCEUR": 113.88, "XRPEUR": 0.5257, "ADAEUR": 1.132, "XLMEUR": 0.20497, "DOGEEUR": 0.17963}