{"BTCEUR": 28544.61, "BNBEUR": 266.5, "ETHEUR": 1809.85, "LTCEUR": 113.57, "XRPEUR": 0.5343, "ADAEUR": 1.1378, "XLMEUR": 0.20841, "DOGEEUR": 0.18648}