{"BTCEUR": 35543.26, "BNBEUR": 418.47, "ETHEUR": 2659.18, "LTCEUR": 228.39, "XRPEUR": 1.2082, "ADAEUR": 1.6481, "XLMEUR": 0.52333, "DOGEEUR": 0.39563}