{"BTCEUR": 32765.94, "BNBEUR": 318.04, "ETHEUR": 2258.27, "LTCEUR": 168.0, "XRPEUR": 0.9248, "ADAEUR": 1.422, "XLMEUR": 0.39283, "DOGEEUR": 0.32044}