{"BTCEUR": 36094.45, "BNBEUR": 424.11, "ETHEUR": 2818.0, "LTCEUR": 250.25, "XRPEUR": 1.3226, "ADAEUR": 1.6773, "XLMEUR": 0.54553, "DOGEEUR": 0.39904}