{"BTCEUR": 28400.54, "BNBEUR": 268.47, "ETHEUR": 1784.22, "LTCEUR": 113.08, "XRPEUR": 0.5261, "ADAEUR": 1.1281, "XLMEUR": 0.20394, "DOGEEUR": 0.17944}