{"BTCEUR": 32130.35, "BNBEUR": 346.62, "ETHEUR": 2416.27, "LTCEUR": 218.07, "XRPEUR": 1.1629, "ADAEUR": 1.3938, "XLMEUR": 0.46431, "DOGEEUR": 0.33529}