{"BTCEUR": 35032.73, "BNBEUR": 347.63, "ETHEUR": 2468.54, "LTCEUR": 184.06, "XRPEUR": 1.0403, "ADAEUR": 1.5593, "XLMEUR": 0.44001, "DOGEEUR": 0.35474}