{"BTCEUR": 32983.25, "BNBEUR": 323.0, "ETHEUR": 2303.9, "LTCEUR": 173.62, "XRPEUR": 0.978, "ADAEUR": 1.4913, "XLMEUR": 0.40263, "DOGEEUR": 0.33197}