{"BTCEUR": 30520.88, "BNBEUR": 258.65, "ETHEUR": 1923.11, "LTCEUR": 147.42, "XRPEUR": 0.7713, "ADAEUR": 1.2393, "XLMEUR": 0.32702, "DOGEEUR": 0.27974}