{"BTCEUR": 36460.95, "BNBEUR": 428.04, "ETHEUR": 2792.1, "LTCEUR": 232.73, "XRPEUR": 1.265, "ADAEUR": 1.7241, "XLMEUR": 0.55666, "DOGEEUR": 0.40584}