{"BTCEUR": 27722.57, "BNBEUR": 260.85, "ETHEUR": 1675.94, "LTCEUR": 110.1, "XRPEUR": 0.5237, "ADAEUR": 1.0897, "XLMEUR": 0.19717, "DOGEEUR": 0.17024}