{"BTCEUR": 37159.35, "BNBEUR": 431.1, "ETHEUR": 2805.34, "LTCEUR": 244.78, "XRPEUR": 1.254, "ADAEUR": 1.7029, "XLMEUR": 0.53966, "DOGEEUR": 0.40718}