{"BTCEUR": 28266.78, "BNBEUR": 266.01, "ETHEUR": 1782.08, "LTCEUR": 112.5, "XRPEUR": 0.5268, "ADAEUR": 1.1284, "XLMEUR": 0.20477, "DOGEEUR": 0.17966}