{"BTCEUR": 32951.17, "BNBEUR": 305.6, "ETHEUR": 2233.25, "LTCEUR": 173.33, "XRPEUR": 0.9763, "ADAEUR": 1.3892, "XLMEUR": 0.40534, "DOGEEUR": 0.30733}