{"BTCEUR": 27289.45, "BNBEUR": 251.75, "ETHEUR": 1616.54, "LTCEUR": 107.48, "XRPEUR": 0.5118, "ADAEUR": 1.0427, "XLMEUR": 0.19125, "DOGEEUR": 0.16359}