{"BTCEUR": 28867.23, "BNBEUR": 276.84, "ETHEUR": 1808.06, "LTCEUR": 114.28, "XRPEUR": 0.5453, "ADAEUR": 1.1428, "XLMEUR": 0.20942, "DOGEEUR": 0.18314}