{"BTCEUR": 36704.51, "BNBEUR": 424.09, "ETHEUR": 2757.25, "LTCEUR": 245.82, "XRPEUR": 1.2328, "ADAEUR": 1.6677, "XLMEUR": 0.53171, "DOGEEUR": 0.40251}