{"BTCEUR": 32760.91, "BNBEUR": 301.4, "ETHEUR": 2227.58, "LTCEUR": 172.3, "XRPEUR": 0.9819, "ADAEUR": 1.3967, "XLMEUR": 0.40275, "DOGEEUR": 0.30475}