{"BTCEUR": 27915.93, "BNBEUR": 260.79, "ETHEUR": 1673.99, "LTCEUR": 110.06, "XRPEUR": 0.5207, "ADAEUR": 1.0736, "XLMEUR": 0.19794, "DOGEEUR": 0.16996}