{"BTCEUR": 27880.72, "BNBEUR": 266.31, "ETHEUR": 1719.66, "LTCEUR": 112.62, "XRPEUR": 0.5299, "ADAEUR": 1.1077, "XLMEUR": 0.20116, "DOGEEUR": 0.17608}