{"BTCEUR": 37666.17, "BNBEUR": 457.71, "ETHEUR": 2863.22, "LTCEUR": 243.59, "XRPEUR": 1.1689, "ADAEUR": 1.7545, "XLMEUR": 0.57637, "DOGEEUR": 0.41964}