{"BTCEUR": 33279.08, "BNBEUR": 308.56, "ETHEUR": 2195.44, "LTCEUR": 167.07, "XRPEUR": 0.9176, "ADAEUR": 1.3955, "XLMEUR": 0.39046, "DOGEEUR": 0.31775}