{"BTCEUR": 28065.97, "BNBEUR": 266.59, "ETHEUR": 1713.36, "LTCEUR": 112.43, "XRPEUR": 0.5367, "ADAEUR": 1.1136, "XLMEUR": 0.20406, "DOGEEUR": 0.17315}