{"BTCEUR": 28507.54, "BNBEUR": 264.2, "ETHEUR": 1781.0, "LTCEUR": 111.99, "XRPEUR": 0.5254, "ADAEUR": 1.1224, "XLMEUR": 0.20381, "DOGEEUR": 0.18264}