{"BTCEUR": 28790.02, "BNBEUR": 272.86, "ETHEUR": 1797.0, "LTCEUR": 113.05, "XRPEUR": 0.5395, "ADAEUR": 1.1353, "XLMEUR": 0.20815, "DOGEEUR": 0.18139}