{"BTCEUR": 30526.12, "BNBEUR": 275.78, "ETHEUR": 2030.66, "LTCEUR": 149.36, "XRPEUR": 0.8429, "ADAEUR": 1.2863, "XLMEUR": 0.35652, "DOGEEUR": 0.29321}