{"BTCEUR": 37170.0, "BNBEUR": 434.36, "ETHEUR": 2883.61, "LTCEUR": 250.16, "XRPEUR": 1.255, "ADAEUR": 1.7376, "XLMEUR": 0.54785, "DOGEEUR": 0.40867}