{"BTCEUR": 28533.79, "BNBEUR": 264.79, "ETHEUR": 1783.84, "LTCEUR": 112.07, "XRPEUR": 0.5268, "ADAEUR": 1.125, "XLMEUR": 0.20427, "DOGEEUR": 0.18286}