{"BTCEUR": 33055.22, "BNBEUR": 320.3, "ETHEUR": 2285.97, "LTCEUR": 168.75, "XRPEUR": 0.9386, "ADAEUR": 1.4314, "XLMEUR": 0.39491, "DOGEEUR": 0.32307}