{"BTCEUR": 28169.39, "BNBEUR": 264.21, "ETHEUR": 1800.95, "LTCEUR": 112.68, "XRPEUR": 0.5332, "ADAEUR": 1.1359, "XLMEUR": 0.20723, "DOGEEUR": 0.18491}