{"BTCEUR": 28221.42, "BNBEUR": 264.84, "ETHEUR": 1816.95, "LTCEUR": 113.16, "XRPEUR": 0.5319, "ADAEUR": 1.1493, "XLMEUR": 0.20808, "DOGEEUR": 0.18776}