{"BTCEUR": 33876.01, "BNBEUR": 326.77, "ETHEUR": 2320.25, "LTCEUR": 174.68, "XRPEUR": 0.9823, "ADAEUR": 1.5062, "XLMEUR": 0.40912, "DOGEEUR": 0.33418}