{"BTCEUR": 28408.87, "BNBEUR": 264.58, "ETHEUR": 1784.74, "LTCEUR": 111.92, "XRPEUR": 0.5296, "ADAEUR": 1.1291, "XLMEUR": 0.20432, "DOGEEUR": 0.18271}