{"BTCEUR": 31373.03, "BNBEUR": 323.54, "ETHEUR": 2196.55, "LTCEUR": 196.71, "XRPEUR": 1.03, "ADAEUR": 1.2862, "XLMEUR": 0.42408, "DOGEEUR": 0.30882}