{"BTCEUR": 28545.05, "BNBEUR": 268.1, "ETHEUR": 1818.78, "LTCEUR": 113.26, "XRPEUR": 0.5373, "ADAEUR": 1.136, "XLMEUR": 0.20743, "DOGEEUR": 0.18699}