{"BTCEUR": 28664.95, "BNBEUR": 269.74, "ETHEUR": 1825.97, "LTCEUR": 114.73, "XRPEUR": 0.544, "ADAEUR": 1.1465, "XLMEUR": 0.21009, "DOGEEUR": 0.18888}