{"BTCEUR": 28562.12, "BNBEUR": 275.74, "ETHEUR": 1786.79, "LTCEUR": 115.55, "XRPEUR": 0.5409, "ADAEUR": 1.1359, "XLMEUR": 0.20773, "DOGEEUR": 0.18052}