{"BTCEUR": 28593.76, "BNBEUR": 271.59, "ETHEUR": 1797.88, "LTCEUR": 114.03, "XRPEUR": 0.5308, "ADAEUR": 1.1339, "XLMEUR": 0.20672, "DOGEEUR": 0.18039}