{"BTCEUR": 28812.18, "BNBEUR": 279.45, "ETHEUR": 1801.84, "LTCEUR": 116.67, "XRPEUR": 0.5463, "ADAEUR": 1.145, "XLMEUR": 0.20943, "DOGEEUR": 0.18209}