{"BTCEUR": 35467.11, "BNBEUR": 417.32, "ETHEUR": 2662.57, "LTCEUR": 228.1, "XRPEUR": 1.2182, "ADAEUR": 1.6456, "XLMEUR": 0.52785, "DOGEEUR": 0.39796}