{"BTCEUR": 39590.23, "BNBEUR": 477.82, "ETHEUR": 3021.51, "LTCEUR": 252.05, "XRPEUR": 1.2383, "ADAEUR": 1.9001, "XLMEUR": 0.61179, "DOGEEUR": 0.42031}