{"BTCEUR": 35573.77, "BNBEUR": 417.84, "ETHEUR": 2700.1, "LTCEUR": 226.61, "XRPEUR": 1.1393, "ADAEUR": 1.733, "XLMEUR": 0.53543, "DOGEEUR": 0.39511}