{"BTCEUR": 33131.56, "BNBEUR": 308.15, "ETHEUR": 2185.35, "LTCEUR": 166.45, "XRPEUR": 0.918, "ADAEUR": 1.3926, "XLMEUR": 0.39044, "DOGEEUR": 0.31726}