{"BTCEUR": 28805.76, "BNBEUR": 274.32, "ETHEUR": 1809.99, "LTCEUR": 113.66, "XRPEUR": 0.5399, "ADAEUR": 1.1401, "XLMEUR": 0.20906, "DOGEEUR": 0.18215}