{"BTCEUR": 28108.66, "BNBEUR": 263.45, "ETHEUR": 1757.77, "LTCEUR": 110.43, "XRPEUR": 0.5188, "ADAEUR": 1.117, "XLMEUR": 0.20167, "DOGEEUR": 0.17807}