{"BTCEUR": 27973.54, "BNBEUR": 267.36, "ETHEUR": 1714.86, "LTCEUR": 112.78, "XRPEUR": 0.5303, "ADAEUR": 1.1062, "XLMEUR": 0.20128, "DOGEEUR": 0.17405}