{"BTCEUR": 31615.87, "BNBEUR": 311.14, "ETHEUR": 2147.46, "LTCEUR": 166.0, "XRPEUR": 0.96, "ADAEUR": 1.3508, "XLMEUR": 0.39805, "DOGEEUR": 0.29467}