{"BTCEUR": 32046.96, "BNBEUR": 347.16, "ETHEUR": 2389.18, "LTCEUR": 215.77, "XRPEUR": 1.1618, "ADAEUR": 1.3885, "XLMEUR": 0.46021, "DOGEEUR": 0.33244}