{"BTCEUR": 37347.91, "BNBEUR": 444.45, "ETHEUR": 2912.89, "LTCEUR": 238.61, "XRPEUR": 1.2029, "ADAEUR": 1.8513, "XLMEUR": 0.57406, "DOGEEUR": 0.42556}