{"BTCEUR": 32316.17, "BNBEUR": 350.52, "ETHEUR": 2440.28, "LTCEUR": 219.33, "XRPEUR": 1.1769, "ADAEUR": 1.4252, "XLMEUR": 0.47094, "DOGEEUR": 0.33567}