{"BTCEUR": 37108.14, "BNBEUR": 440.72, "ETHEUR": 2872.91, "LTCEUR": 237.56, "XRPEUR": 1.2608, "ADAEUR": 1.797, "XLMEUR": 0.58097, "DOGEEUR": 0.41462}