{"BTCEUR": 28203.86, "BNBEUR": 265.64, "ETHEUR": 1769.75, "LTCEUR": 111.55, "XRPEUR": 0.5228, "ADAEUR": 1.1226, "XLMEUR": 0.20319, "DOGEEUR": 0.17922}