{"BTCEUR": 27615.85, "BNBEUR": 262.2, "ETHEUR": 1678.94, "LTCEUR": 111.08, "XRPEUR": 0.5254, "ADAEUR": 1.0863, "XLMEUR": 0.19785, "DOGEEUR": 0.17068}