{"BTCEUR": 32764.26, "BNBEUR": 301.84, "ETHEUR": 2216.76, "LTCEUR": 172.3, "XRPEUR": 0.9684, "ADAEUR": 1.3919, "XLMEUR": 0.40136, "DOGEEUR": 0.30092}