{"BTCEUR": 36745.0, "BNBEUR": 429.25, "ETHEUR": 2862.46, "LTCEUR": 253.8, "XRPEUR": 1.3468, "ADAEUR": 1.7036, "XLMEUR": 0.55564, "DOGEEUR": 0.40387}