{"BTCEUR": 33512.08, "BNBEUR": 376.04, "ETHEUR": 2559.51, "LTCEUR": 225.96, "XRPEUR": 1.2313, "ADAEUR": 1.5107, "XLMEUR": 0.49397, "DOGEEUR": 0.35829}