{"BTCEUR": 28520.97, "BNBEUR": 265.5, "ETHEUR": 1799.31, "LTCEUR": 112.41, "XRPEUR": 0.5324, "ADAEUR": 1.1359, "XLMEUR": 0.20558, "DOGEEUR": 0.18542}