{"BTCEUR": 28332.32, "BNBEUR": 262.23, "ETHEUR": 1761.68, "LTCEUR": 111.07, "XRPEUR": 0.5235, "ADAEUR": 1.1198, "XLMEUR": 0.20262, "DOGEEUR": 0.18045}