{"BTCEUR": 28521.88, "BNBEUR": 265.15, "ETHEUR": 1778.75, "LTCEUR": 111.93, "XRPEUR": 0.5257, "ADAEUR": 1.1249, "XLMEUR": 0.20399, "DOGEEUR": 0.18255}