{"BTCEUR": 31657.52, "BNBEUR": 306.05, "ETHEUR": 2092.0, "LTCEUR": 164.0, "XRPEUR": 0.9179, "ADAEUR": 1.2482, "XLMEUR": 0.38645, "DOGEEUR": 0.28776}