{"BTCEUR": 28243.91, "BNBEUR": 265.54, "ETHEUR": 1765.37, "LTCEUR": 112.24, "XRPEUR": 0.5247, "ADAEUR": 1.1209, "XLMEUR": 0.20488, "DOGEEUR": 0.17836}