{"BTCEUR": 28076.26, "BNBEUR": 263.78, "ETHEUR": 1704.24, "LTCEUR": 112.44, "XRPEUR": 0.5352, "ADAEUR": 1.099, "XLMEUR": 0.20273, "DOGEEUR": 0.17232}