{"BTCEUR": 28093.26, "BNBEUR": 264.32, "ETHEUR": 1763.88, "LTCEUR": 111.03, "XRPEUR": 0.5226, "ADAEUR": 1.1167, "XLMEUR": 0.20334, "DOGEEUR": 0.17819}