{"BTCEUR": 32209.65, "BNBEUR": 293.15, "ETHEUR": 2139.29, "LTCEUR": 168.02, "XRPEUR": 0.9405, "ADAEUR": 1.345, "XLMEUR": 0.39274, "DOGEEUR": 0.29251}