{"BTCEUR": 28546.38, "BNBEUR": 265.31, "ETHEUR": 1784.36, "LTCEUR": 112.38, "XRPEUR": 0.5263, "ADAEUR": 1.1284, "XLMEUR": 0.20404, "DOGEEUR": 0.18278}