{"BTCEUR": 28208.28, "BNBEUR": 272.23, "ETHEUR": 1768.89, "LTCEUR": 117.33, "XRPEUR": 0.5362, "ADAEUR": 1.1218, "XLMEUR": 0.20596, "DOGEEUR": 0.17814}