{"BTCEUR": 28459.67, "BNBEUR": 266.36, "ETHEUR": 1803.16, "LTCEUR": 112.69, "XRPEUR": 0.5349, "ADAEUR": 1.1311, "XLMEUR": 0.20728, "DOGEEUR": 0.18726}