{"BTCEUR": 37364.54, "BNBEUR": 453.54, "ETHEUR": 2873.49, "LTCEUR": 238.31, "XRPEUR": 1.167, "ADAEUR": 1.8037, "XLMEUR": 0.58167, "DOGEEUR": 0.40384}