{"BTCEUR": 28148.38, "BNBEUR": 271.69, "ETHEUR": 1765.39, "LTCEUR": 117.24, "XRPEUR": 0.5343, "ADAEUR": 1.1195, "XLMEUR": 0.20538, "DOGEEUR": 0.17743}