{"BTCEUR": 37851.02, "BNBEUR": 461.33, "ETHEUR": 2941.37, "LTCEUR": 242.51, "XRPEUR": 1.1975, "ADAEUR": 1.8549, "XLMEUR": 0.59076, "DOGEEUR": 0.42332}