{"BTCEUR": 28541.39, "BNBEUR": 265.61, "ETHEUR": 1797.01, "LTCEUR": 112.62, "XRPEUR": 0.5294, "ADAEUR": 1.1335, "XLMEUR": 0.20587, "DOGEEUR": 0.18441}