{"BTCEUR": 28270.26, "BNBEUR": 266.42, "ETHEUR": 1840.12, "LTCEUR": 113.62, "XRPEUR": 0.5349, "ADAEUR": 1.1566, "XLMEUR": 0.20812, "DOGEEUR": 0.18754}