{"BTCEUR": 28538.64, "BNBEUR": 274.96, "ETHEUR": 1783.96, "LTCEUR": 115.29, "XRPEUR": 0.5403, "ADAEUR": 1.1346, "XLMEUR": 0.20733, "DOGEEUR": 0.18066}