{"BTCEUR": 39067.59, "BNBEUR": 472.88, "ETHEUR": 2958.29, "LTCEUR": 250.0, "XRPEUR": 1.2166, "ADAEUR": 1.8553, "XLMEUR": 0.59817, "DOGEEUR": 0.42218}