{"BTCEUR": 28213.76, "BNBEUR": 264.87, "ETHEUR": 1809.89, "LTCEUR": 113.15, "XRPEUR": 0.5332, "ADAEUR": 1.1388, "XLMEUR": 0.20761, "DOGEEUR": 0.18571}