{"BTCEUR": 31888.42, "BNBEUR": 343.0, "ETHEUR": 2320.24, "LTCEUR": 211.75, "XRPEUR": 1.1356, "ADAEUR": 1.3744, "XLMEUR": 0.45396, "DOGEEUR": 0.32903}