{"BTCEUR": 30049.12, "BNBEUR": 267.54, "ETHEUR": 1978.8, "LTCEUR": 145.53, "XRPEUR": 0.8289, "ADAEUR": 1.2552, "XLMEUR": 0.35601, "DOGEEUR": 0.29058}