{"BTCEUR": 28122.03, "BNBEUR": 263.54, "ETHEUR": 1757.03, "LTCEUR": 111.57, "XRPEUR": 0.5213, "ADAEUR": 1.1181, "XLMEUR": 0.20297, "DOGEEUR": 0.17801}