{"BTCEUR": 30601.52, "BNBEUR": 292.39, "ETHEUR": 2125.23, "LTCEUR": 166.16, "XRPEUR": 0.9795, "ADAEUR": 1.2416, "XLMEUR": 0.36994, "DOGEEUR": 0.30065}