{"BTCEUR": 32171.11, "BNBEUR": 345.05, "ETHEUR": 2297.55, "LTCEUR": 211.52, "XRPEUR": 1.1393, "ADAEUR": 1.3796, "XLMEUR": 0.45353, "DOGEEUR": 0.32746}