{"BTCEUR": 28025.88, "BNBEUR": 266.09, "ETHEUR": 1710.55, "LTCEUR": 112.48, "XRPEUR": 0.5375, "ADAEUR": 1.1125, "XLMEUR": 0.20288, "DOGEEUR": 0.17312}