{"BTCEUR": 36214.97, "BNBEUR": 426.83, "ETHEUR": 2789.99, "LTCEUR": 230.0, "XRPEUR": 1.2589, "ADAEUR": 1.703, "XLMEUR": 0.55183, "DOGEEUR": 0.40561}