{"BTCEUR": 33742.6, "BNBEUR": 324.85, "ETHEUR": 2335.11, "LTCEUR": 172.23, "XRPEUR": 0.9553, "ADAEUR": 1.4515, "XLMEUR": 0.40238, "DOGEEUR": 0.32838}