{"BTCEUR": 27519.7, "BNBEUR": 260.25, "ETHEUR": 1673.83, "LTCEUR": 110.7, "XRPEUR": 0.5244, "ADAEUR": 1.0848, "XLMEUR": 0.19803, "DOGEEUR": 0.16971}