{"BTCEUR": 36841.65, "BNBEUR": 430.15, "ETHEUR": 2867.86, "LTCEUR": 253.51, "XRPEUR": 1.3462, "ADAEUR": 1.71, "XLMEUR": 0.55754, "DOGEEUR": 0.41012}