{"BTCEUR": 32250.92, "BNBEUR": 350.55, "ETHEUR": 2418.75, "LTCEUR": 218.21, "XRPEUR": 1.1766, "ADAEUR": 1.4135, "XLMEUR": 0.46796, "DOGEEUR": 0.33772}