{"BTCEUR": 28362.81, "BNBEUR": 267.46, "ETHEUR": 1787.87, "LTCEUR": 113.28, "XRPEUR": 0.5271, "ADAEUR": 1.1298, "XLMEUR": 0.20635, "DOGEEUR": 0.18117}