{"BTCEUR": 27776.54, "BNBEUR": 260.02, "ETHEUR": 1763.35, "LTCEUR": 109.84, "XRPEUR": 0.5186, "ADAEUR": 1.1258, "XLMEUR": 0.19996, "DOGEEUR": 0.18367}