{"BTCEUR": 37068.56, "BNBEUR": 432.74, "ETHEUR": 2833.36, "LTCEUR": 250.3, "XRPEUR": 1.2557, "ADAEUR": 1.7127, "XLMEUR": 0.54423, "DOGEEUR": 0.41205}