{"BTCEUR": 27811.42, "BNBEUR": 262.3, "ETHEUR": 1683.36, "LTCEUR": 110.37, "XRPEUR": 0.5273, "ADAEUR": 1.095, "XLMEUR": 0.19867, "DOGEEUR": 0.17148}