{"BTCEUR": 27822.7, "BNBEUR": 259.66, "ETHEUR": 1667.62, "LTCEUR": 110.09, "XRPEUR": 0.5191, "ADAEUR": 1.0684, "XLMEUR": 0.19639, "DOGEEUR": 0.16878}