{"BTCEUR": 28231.84, "BNBEUR": 266.22, "ETHEUR": 1766.92, "LTCEUR": 112.34, "XRPEUR": 0.5234, "ADAEUR": 1.1249, "XLMEUR": 0.20381, "DOGEEUR": 0.17829}