{"BTCEUR": 33245.12, "BNBEUR": 324.31, "ETHEUR": 2313.79, "LTCEUR": 174.64, "XRPEUR": 0.9805, "ADAEUR": 1.5027, "XLMEUR": 0.40368, "DOGEEUR": 0.33082}