{"BTCEUR": 35393.88, "BNBEUR": 415.0, "ETHEUR": 2702.37, "LTCEUR": 225.97, "XRPEUR": 1.1292, "ADAEUR": 1.739, "XLMEUR": 0.53345, "DOGEEUR": 0.39385}