{"BTCEUR": 33380.79, "BNBEUR": 323.69, "ETHEUR": 2313.64, "LTCEUR": 174.62, "XRPEUR": 0.9897, "ADAEUR": 1.5114, "XLMEUR": 0.40686, "DOGEEUR": 0.33155}