{"BTCEUR": 28545.94, "BNBEUR": 275.28, "ETHEUR": 1786.8, "LTCEUR": 115.41, "XRPEUR": 0.5405, "ADAEUR": 1.1366, "XLMEUR": 0.20722, "DOGEEUR": 0.18047}