{"BTCEUR": 28171.49, "BNBEUR": 264.3, "ETHEUR": 1798.1, "LTCEUR": 112.57, "XRPEUR": 0.5295, "ADAEUR": 1.1299, "XLMEUR": 0.20824, "DOGEEUR": 0.18508}