{"BTCEUR": 33700.21, "BNBEUR": 383.08, "ETHEUR": 2585.5, "LTCEUR": 227.99, "XRPEUR": 1.2386, "ADAEUR": 1.5313, "XLMEUR": 0.49836, "DOGEEUR": 0.36073}