{"BTCEUR": 28190.89, "BNBEUR": 264.69, "ETHEUR": 1762.06, "LTCEUR": 110.88, "XRPEUR": 0.5198, "ADAEUR": 1.12, "XLMEUR": 0.20245, "DOGEEUR": 0.17839}