{"BTCEUR": 27853.46, "BNBEUR": 263.03, "ETHEUR": 1662.91, "LTCEUR": 112.1, "XRPEUR": 0.5288, "ADAEUR": 1.0797, "XLMEUR": 0.19703, "DOGEEUR": 0.17084}