{"BTCEUR": 27681.94, "BNBEUR": 262.59, "ETHEUR": 1655.67, "LTCEUR": 111.59, "XRPEUR": 0.5238, "ADAEUR": 1.0761, "XLMEUR": 0.19616, "DOGEEUR": 0.17087}