{"BTCEUR": 27849.12, "BNBEUR": 261.72, "ETHEUR": 1777.18, "LTCEUR": 110.44, "XRPEUR": 0.5185, "ADAEUR": 1.1237, "XLMEUR": 0.20173, "DOGEEUR": 0.18676}