{"BTCEUR": 33731.05, "BNBEUR": 391.71, "ETHEUR": 2621.49, "LTCEUR": 228.45, "XRPEUR": 1.2526, "ADAEUR": 1.5476, "XLMEUR": 0.50518, "DOGEEUR": 0.36488}