{"BTCEUR": 28594.51, "BNBEUR": 273.14, "ETHEUR": 1808.81, "LTCEUR": 114.0, "XRPEUR": 0.5359, "ADAEUR": 1.1345, "XLMEUR": 0.20792, "DOGEEUR": 0.18285}