{"BTCEUR": 32874.71, "BNBEUR": 297.15, "ETHEUR": 2193.91, "LTCEUR": 170.96, "XRPEUR": 0.9623, "ADAEUR": 1.3526, "XLMEUR": 0.39857, "DOGEEUR": 0.30039}