{"BTCEUR": 32938.36, "BNBEUR": 316.0, "ETHEUR": 2255.22, "LTCEUR": 172.31, "XRPEUR": 0.9613, "ADAEUR": 1.476, "XLMEUR": 0.40711, "DOGEEUR": 0.32638}