{"BTCEUR": 28825.53, "BNBEUR": 275.74, "ETHEUR": 1807.27, "LTCEUR": 114.2, "XRPEUR": 0.545, "ADAEUR": 1.1403, "XLMEUR": 0.20956, "DOGEEUR": 0.18303}