{"BTCEUR": 28836.09, "BNBEUR": 274.11, "ETHEUR": 1808.29, "LTCEUR": 113.27, "XRPEUR": 0.5396, "ADAEUR": 1.138, "XLMEUR": 0.20818, "DOGEEUR": 0.18171}