{"BTCEUR": 28407.93, "BNBEUR": 265.8, "ETHEUR": 1799.46, "LTCEUR": 112.38, "XRPEUR": 0.5321, "ADAEUR": 1.1317, "XLMEUR": 0.20626, "DOGEEUR": 0.18417}