{"BTCEUR": 29079.85, "BNBEUR": 277.43, "ETHEUR": 1820.93, "LTCEUR": 114.65, "XRPEUR": 0.5464, "ADAEUR": 1.1475, "XLMEUR": 0.21222, "DOGEEUR": 0.18285}