{"BTCEUR": 27876.91, "BNBEUR": 266.67, "ETHEUR": 1711.5, "LTCEUR": 112.83, "XRPEUR": 0.5309, "ADAEUR": 1.1064, "XLMEUR": 0.20209, "DOGEEUR": 0.17467}