{"BTCEUR": 31459.68, "BNBEUR": 304.43, "ETHEUR": 2132.46, "LTCEUR": 163.29, "XRPEUR": 0.944, "ADAEUR": 1.3013, "XLMEUR": 0.38508, "DOGEEUR": 0.29001}