{"BTCEUR": 28884.93, "BNBEUR": 278.99, "ETHEUR": 1808.65, "LTCEUR": 116.13, "XRPEUR": 0.5497, "ADAEUR": 1.1473, "XLMEUR": 0.21104, "DOGEEUR": 0.18317}