{"BTCEUR": 28405.49, "BNBEUR": 267.09, "ETHEUR": 1779.12, "LTCEUR": 113.82, "XRPEUR": 0.5251, "ADAEUR": 1.1317, "XLMEUR": 0.20453, "DOGEEUR": 0.17933}