{"BTCEUR": 28572.86, "BNBEUR": 271.69, "ETHEUR": 1803.3, "LTCEUR": 113.36, "XRPEUR": 0.5342, "ADAEUR": 1.1306, "XLMEUR": 0.20691, "DOGEEUR": 0.18186}