{"BTCEUR": 35914.9, "BNBEUR": 419.47, "ETHEUR": 2784.01, "LTCEUR": 249.57, "XRPEUR": 1.3072, "ADAEUR": 1.6642, "XLMEUR": 0.54133, "DOGEEUR": 0.39685}