{"BTCEUR": 27718.13, "BNBEUR": 264.64, "ETHEUR": 1806.45, "LTCEUR": 111.07, "XRPEUR": 0.525, "ADAEUR": 1.1421, "XLMEUR": 0.20659, "DOGEEUR": 0.17657}