{"BTCEUR": 35066.19, "BNBEUR": 346.51, "ETHEUR": 2450.0, "LTCEUR": 184.12, "XRPEUR": 1.0388, "ADAEUR": 1.5816, "XLMEUR": 0.43661, "DOGEEUR": 0.35848}