{"BTCEUR": 37600.0, "BNBEUR": 456.35, "ETHEUR": 2848.48, "LTCEUR": 242.88, "XRPEUR": 1.1686, "ADAEUR": 1.746, "XLMEUR": 0.56912, "DOGEEUR": 0.41851}