{"BTCEUR": 32389.38, "BNBEUR": 312.82, "ETHEUR": 2244.37, "LTCEUR": 169.87, "XRPEUR": 0.9478, "ADAEUR": 1.4439, "XLMEUR": 0.39951, "DOGEEUR": 0.32196}