{"BTCEUR": 28735.99, "BNBEUR": 269.14, "ETHEUR": 1838.27, "LTCEUR": 114.6, "XRPEUR": 0.5411, "ADAEUR": 1.1446, "XLMEUR": 0.21038, "DOGEEUR": 0.18962}