{"BTCEUR": 37256.53, "BNBEUR": 441.09, "ETHEUR": 2880.22, "LTCEUR": 239.97, "XRPEUR": 1.2617, "ADAEUR": 1.7762, "XLMEUR": 0.57494, "DOGEEUR": 0.41512}