{"BTCEUR": 37201.03, "BNBEUR": 447.79, "ETHEUR": 2821.75, "LTCEUR": 235.62, "XRPEUR": 1.1544, "ADAEUR": 1.7964, "XLMEUR": 0.55577, "DOGEEUR": 0.40895}