{"BTCEUR": 33333.71, "BNBEUR": 309.26, "ETHEUR": 2180.63, "LTCEUR": 166.47, "XRPEUR": 0.914, "ADAEUR": 1.3658, "XLMEUR": 0.39135, "DOGEEUR": 0.31835}