{"BTCEUR": 27803.91, "BNBEUR": 260.61, "ETHEUR": 1774.61, "LTCEUR": 110.32, "XRPEUR": 0.5215, "ADAEUR": 1.1293, "XLMEUR": 0.20211, "DOGEEUR": 0.18397}