{"BTCEUR": 27848.52, "BNBEUR": 263.86, "ETHEUR": 1666.48, "LTCEUR": 112.33, "XRPEUR": 0.5284, "ADAEUR": 1.0812, "XLMEUR": 0.19647, "DOGEEUR": 0.17169}