{"BTCEUR": 28014.08, "BNBEUR": 268.08, "ETHEUR": 1740.5, "LTCEUR": 115.52, "XRPEUR": 0.53, "ADAEUR": 1.1093, "XLMEUR": 0.20274, "DOGEEUR": 0.17434}