{"BTCEUR": 27862.01, "BNBEUR": 262.83, "ETHEUR": 1654.19, "LTCEUR": 111.83, "XRPEUR": 0.5299, "ADAEUR": 1.0765, "XLMEUR": 0.19809, "DOGEEUR": 0.17026}