{"BTCEUR": 28276.14, "BNBEUR": 266.11, "ETHEUR": 1829.57, "LTCEUR": 113.53, "XRPEUR": 0.536, "ADAEUR": 1.1504, "XLMEUR": 0.20748, "DOGEEUR": 0.18574}