{"BTCEUR": 28671.6, "BNBEUR": 273.32, "ETHEUR": 1811.19, "LTCEUR": 114.08, "XRPEUR": 0.5355, "ADAEUR": 1.1348, "XLMEUR": 0.20743, "DOGEEUR": 0.18291}