{"BTCEUR": 37020.64, "BNBEUR": 431.72, "ETHEUR": 2860.34, "LTCEUR": 250.06, "XRPEUR": 1.2449, "ADAEUR": 1.7275, "XLMEUR": 0.54584, "DOGEEUR": 0.40611}