{"BTCEUR": 36405.99, "BNBEUR": 427.05, "ETHEUR": 2787.79, "LTCEUR": 231.39, "XRPEUR": 1.2564, "ADAEUR": 1.7173, "XLMEUR": 0.55512, "DOGEEUR": 0.40504}