{"BTCEUR": 32898.72, "BNBEUR": 330.18, "ETHEUR": 2346.17, "LTCEUR": 180.26, "XRPEUR": 1.0369, "ADAEUR": 1.4788, "XLMEUR": 0.41628, "DOGEEUR": 0.32059}