{"BTCEUR": 28170.43, "BNBEUR": 264.31, "ETHEUR": 1801.0, "LTCEUR": 112.62, "XRPEUR": 0.5341, "ADAEUR": 1.1365, "XLMEUR": 0.20733, "DOGEEUR": 0.18508}