{"BTCEUR": 28190.37, "BNBEUR": 264.55, "ETHEUR": 1760.89, "LTCEUR": 110.69, "XRPEUR": 0.5202, "ADAEUR": 1.1164, "XLMEUR": 0.20268, "DOGEEUR": 0.17835}