{"BTCEUR": 37340.95, "BNBEUR": 436.42, "ETHEUR": 2902.11, "LTCEUR": 251.97, "XRPEUR": 1.2559, "ADAEUR": 1.7493, "XLMEUR": 0.54973, "DOGEEUR": 0.40947}