{"BTCEUR": 27845.97, "BNBEUR": 263.04, "ETHEUR": 1690.26, "LTCEUR": 111.21, "XRPEUR": 0.5369, "ADAEUR": 1.0976, "XLMEUR": 0.20004, "DOGEEUR": 0.17184}