{"BTCEUR": 28980.0, "BNBEUR": 273.46, "ETHEUR": 1818.54, "LTCEUR": 113.8, "XRPEUR": 0.5372, "ADAEUR": 1.1426, "XLMEUR": 0.20773, "DOGEEUR": 0.18311}