{"BTCEUR": 32959.46, "BNBEUR": 300.12, "ETHEUR": 2213.52, "LTCEUR": 172.09, "XRPEUR": 0.9629, "ADAEUR": 1.4097, "XLMEUR": 0.39922, "DOGEEUR": 0.32328}