{"BTCEUR": 31002.21, "BNBEUR": 315.41, "ETHEUR": 2294.54, "LTCEUR": 171.81, "XRPEUR": 1.0059, "ADAEUR": 1.3636, "XLMEUR": 0.39646, "DOGEEUR": 0.33369}