{"BTCEUR": 35626.67, "BNBEUR": 414.44, "ETHEUR": 2704.1, "LTCEUR": 226.05, "XRPEUR": 1.204, "ADAEUR": 1.6784, "XLMEUR": 0.53288, "DOGEEUR": 0.39351}