{"BTCEUR": 30179.41, "BNBEUR": 261.85, "ETHEUR": 1965.14, "LTCEUR": 145.88, "XRPEUR": 0.8143, "ADAEUR": 1.2415, "XLMEUR": 0.33966, "DOGEEUR": 0.28981}