{"BTCEUR": 27960.8, "BNBEUR": 264.77, "ETHEUR": 1712.88, "LTCEUR": 113.46, "XRPEUR": 0.5275, "ADAEUR": 1.1024, "XLMEUR": 0.20117, "DOGEEUR": 0.17397}