{"BTCEUR": 33746.23, "BNBEUR": 334.13, "ETHEUR": 2323.28, "LTCEUR": 176.09, "XRPEUR": 0.9898, "ADAEUR": 1.508, "XLMEUR": 0.41073, "DOGEEUR": 0.33014}