{"BTCEUR": 27808.88, "BNBEUR": 262.2, "ETHEUR": 1683.73, "LTCEUR": 110.49, "XRPEUR": 0.5274, "ADAEUR": 1.0938, "XLMEUR": 0.19829, "DOGEEUR": 0.17153}