{"BTCEUR": 33174.64, "BNBEUR": 318.73, "ETHEUR": 2256.07, "LTCEUR": 171.15, "XRPEUR": 0.961, "ADAEUR": 1.4671, "XLMEUR": 0.40143, "DOGEEUR": 0.32424}