{"BTCEUR": 28029.67, "BNBEUR": 263.72, "ETHEUR": 1815.03, "LTCEUR": 111.65, "XRPEUR": 0.5259, "ADAEUR": 1.1366, "XLMEUR": 0.20313, "DOGEEUR": 0.17574}