{"BTCEUR": 27928.49, "BNBEUR": 265.79, "ETHEUR": 1715.45, "LTCEUR": 114.12, "XRPEUR": 0.5262, "ADAEUR": 1.1056, "XLMEUR": 0.20115, "DOGEEUR": 0.17426}