{"BTCEUR": 34922.2, "BNBEUR": 409.63, "ETHEUR": 2599.0, "LTCEUR": 218.57, "XRPEUR": 1.22, "ADAEUR": 1.6356, "XLMEUR": 0.53118, "DOGEEUR": 0.39069}