{"BTCEUR": 28829.49, "BNBEUR": 271.11, "ETHEUR": 1802.48, "LTCEUR": 112.8, "XRPEUR": 0.5362, "ADAEUR": 1.1344, "XLMEUR": 0.20689, "DOGEEUR": 0.18215}