{"BTCEUR": 28133.66, "BNBEUR": 263.71, "ETHEUR": 1797.0, "LTCEUR": 112.48, "XRPEUR": 0.5309, "ADAEUR": 1.1322, "XLMEUR": 0.20678, "DOGEEUR": 0.18404}