{"BTCEUR": 29014.95, "BNBEUR": 277.4, "ETHEUR": 1823.0, "LTCEUR": 114.15, "XRPEUR": 0.5453, "ADAEUR": 1.1477, "XLMEUR": 0.21078, "DOGEEUR": 0.18252}