{"BTCEUR": 28381.8, "BNBEUR": 267.44, "ETHEUR": 1787.07, "LTCEUR": 113.33, "XRPEUR": 0.5276, "ADAEUR": 1.1292, "XLMEUR": 0.20713, "DOGEEUR": 0.18159}