{"BTCEUR": 32508.42, "BNBEUR": 313.64, "ETHEUR": 2250.11, "LTCEUR": 170.97, "XRPEUR": 0.9499, "ADAEUR": 1.4558, "XLMEUR": 0.40252, "DOGEEUR": 0.33254}