{"BTCEUR": 28042.28, "BNBEUR": 265.99, "ETHEUR": 1714.85, "LTCEUR": 112.32, "XRPEUR": 0.5377, "ADAEUR": 1.1103, "XLMEUR": 0.20344, "DOGEEUR": 0.17312}