{"BTCEUR": 28088.38, "BNBEUR": 266.72, "ETHEUR": 1718.13, "LTCEUR": 112.41, "XRPEUR": 0.5377, "ADAEUR": 1.1137, "XLMEUR": 0.20374, "DOGEEUR": 0.17335}