{"BTCEUR": 27983.13, "BNBEUR": 266.68, "ETHEUR": 1713.98, "LTCEUR": 112.86, "XRPEUR": 0.5311, "ADAEUR": 1.106, "XLMEUR": 0.20101, "DOGEEUR": 0.17295}