{"BTCEUR": 28294.56, "BNBEUR": 265.97, "ETHEUR": 1835.91, "LTCEUR": 113.74, "XRPEUR": 0.5346, "ADAEUR": 1.1522, "XLMEUR": 0.20828, "DOGEEUR": 0.18709}