{"BTCEUR": 32996.08, "BNBEUR": 358.94, "ETHEUR": 2446.72, "LTCEUR": 221.34, "XRPEUR": 1.2087, "ADAEUR": 1.4572, "XLMEUR": 0.47724, "DOGEEUR": 0.34381}