{"BTCEUR": 27894.4, "BNBEUR": 260.66, "ETHEUR": 1793.19, "LTCEUR": 110.18, "XRPEUR": 0.5194, "ADAEUR": 1.1163, "XLMEUR": 0.20222, "DOGEEUR": 0.17429}