{"BTCEUR": 28579.14, "BNBEUR": 271.91, "ETHEUR": 1798.26, "LTCEUR": 112.99, "XRPEUR": 0.5334, "ADAEUR": 1.128, "XLMEUR": 0.20656, "DOGEEUR": 0.18148}