{"BTCEUR": 28229.67, "BNBEUR": 264.75, "ETHEUR": 1807.45, "LTCEUR": 113.14, "XRPEUR": 0.5339, "ADAEUR": 1.1382, "XLMEUR": 0.20688, "DOGEEUR": 0.18585}