{"BTCEUR": 28566.01, "BNBEUR": 267.3, "ETHEUR": 1817.51, "LTCEUR": 113.91, "XRPEUR": 0.5352, "ADAEUR": 1.141, "XLMEUR": 0.20906, "DOGEEUR": 0.18667}