{"BTCEUR": 31953.57, "BNBEUR": 311.81, "ETHEUR": 2165.87, "LTCEUR": 167.56, "XRPEUR": 0.965, "ADAEUR": 1.363, "XLMEUR": 0.39765, "DOGEEUR": 0.29375}