{"BTCEUR": 36622.19, "BNBEUR": 432.44, "ETHEUR": 2769.19, "LTCEUR": 240.39, "XRPEUR": 1.254, "ADAEUR": 1.6994, "XLMEUR": 0.53739, "DOGEEUR": 0.40506}