{"BTCEUR": 27985.35, "BNBEUR": 262.42, "ETHEUR": 1803.12, "LTCEUR": 112.02, "XRPEUR": 0.5255, "ADAEUR": 1.14, "XLMEUR": 0.20471, "DOGEEUR": 0.18563}