{"BTCEUR": 28492.34, "BNBEUR": 264.73, "ETHEUR": 1790.06, "LTCEUR": 112.16, "XRPEUR": 0.5276, "ADAEUR": 1.1315, "XLMEUR": 0.20514, "DOGEEUR": 0.18412}