{"BTCEUR": 28796.31, "BNBEUR": 276.89, "ETHEUR": 1799.76, "LTCEUR": 116.0, "XRPEUR": 0.5453, "ADAEUR": 1.1425, "XLMEUR": 0.20875, "DOGEEUR": 0.18182}