{"BTCEUR": 32706.95, "BNBEUR": 322.0, "ETHEUR": 2199.0, "LTCEUR": 171.02, "XRPEUR": 0.9674, "ADAEUR": 1.3511, "XLMEUR": 0.40761, "DOGEEUR": 0.30499}