{"BTCEUR": 28095.97, "BNBEUR": 264.29, "ETHEUR": 1764.0, "LTCEUR": 110.85, "XRPEUR": 0.5217, "ADAEUR": 1.1145, "XLMEUR": 0.20251, "DOGEEUR": 0.17805}