{"BTCEUR": 27919.16, "BNBEUR": 263.02, "ETHEUR": 1655.65, "LTCEUR": 112.14, "XRPEUR": 0.5289, "ADAEUR": 1.0813, "XLMEUR": 0.19881, "DOGEEUR": 0.17052}