{"BTCEUR": 35309.24, "BNBEUR": 416.6, "ETHEUR": 2749.44, "LTCEUR": 246.58, "XRPEUR": 1.2741, "ADAEUR": 1.6453, "XLMEUR": 0.52749, "DOGEEUR": 0.38842}