{"BTCEUR": 28668.86, "BNBEUR": 273.49, "ETHEUR": 1811.3, "LTCEUR": 114.26, "XRPEUR": 0.5358, "ADAEUR": 1.136, "XLMEUR": 0.20778, "DOGEEUR": 0.18323}