{"BTCEUR": 28324.55, "BNBEUR": 265.26, "ETHEUR": 1770.83, "LTCEUR": 111.39, "XRPEUR": 0.5228, "ADAEUR": 1.1227, "XLMEUR": 0.20281, "DOGEEUR": 0.17971}