{"BTCEUR": 27730.01, "BNBEUR": 261.03, "ETHEUR": 1674.84, "LTCEUR": 109.97, "XRPEUR": 0.5237, "ADAEUR": 1.0891, "XLMEUR": 0.19738, "DOGEEUR": 0.16999}