{"BTCEUR": 35717.94, "BNBEUR": 416.83, "ETHEUR": 2722.91, "LTCEUR": 227.66, "XRPEUR": 1.24, "ADAEUR": 1.6892, "XLMEUR": 0.54555, "DOGEEUR": 0.39824}