{"BTCEUR": 35534.79, "BNBEUR": 421.2, "ETHEUR": 2836.0, "LTCEUR": 243.23, "XRPEUR": 1.3088, "ADAEUR": 1.6613, "XLMEUR": 0.53417, "DOGEEUR": 0.39342}