{"BTCEUR": 30579.8, "BNBEUR": 306.22, "ETHEUR": 2214.95, "LTCEUR": 167.69, "XRPEUR": 0.9736, "ADAEUR": 1.3323, "XLMEUR": 0.38415, "DOGEEUR": 0.31612}