{"BTCEUR": 34558.43, "BNBEUR": 326.79, "ETHEUR": 2386.13, "LTCEUR": 182.08, "XRPEUR": 1.0241, "ADAEUR": 1.5989, "XLMEUR": 0.43627, "DOGEEUR": 0.34733}