{"BTCEUR": 28302.49, "BNBEUR": 265.66, "ETHEUR": 1769.68, "LTCEUR": 112.58, "XRPEUR": 0.5227, "ADAEUR": 1.1269, "XLMEUR": 0.20463, "DOGEEUR": 0.17968}