{"BTCEUR": 28035.08, "BNBEUR": 266.44, "ETHEUR": 1713.13, "LTCEUR": 112.53, "XRPEUR": 0.5372, "ADAEUR": 1.1119, "XLMEUR": 0.20321, "DOGEEUR": 0.17321}