{"BTCEUR": 29084.79, "BNBEUR": 297.26, "ETHEUR": 2054.75, "LTCEUR": 165.7, "XRPEUR": 0.963, "ADAEUR": 1.2664, "XLMEUR": 0.35878, "DOGEEUR": 0.29197}