{"BTCEUR": 37649.99, "BNBEUR": 443.69, "ETHEUR": 2892.41, "LTCEUR": 238.8, "XRPEUR": 1.2644, "ADAEUR": 1.8093, "XLMEUR": 0.58039, "DOGEEUR": 0.41465}