{"BTCEUR": 28576.59, "BNBEUR": 267.4, "ETHEUR": 1789.0, "LTCEUR": 112.19, "XRPEUR": 0.5269, "ADAEUR": 1.1258, "XLMEUR": 0.20577, "DOGEEUR": 0.18227}