{"BTCEUR": 28480.85, "BNBEUR": 267.03, "ETHEUR": 1807.3, "LTCEUR": 112.89, "XRPEUR": 0.535, "ADAEUR": 1.1339, "XLMEUR": 0.20647, "DOGEEUR": 0.18739}