{"BTCEUR": 27995.04, "BNBEUR": 263.99, "ETHEUR": 1693.64, "LTCEUR": 112.58, "XRPEUR": 0.5331, "ADAEUR": 1.098, "XLMEUR": 0.20132, "DOGEEUR": 0.17223}