{"BTCEUR": 27878.24, "BNBEUR": 260.41, "ETHEUR": 1786.26, "LTCEUR": 109.62, "XRPEUR": 0.518, "ADAEUR": 1.1096, "XLMEUR": 0.20143, "DOGEEUR": 0.17218}