{"BTCEUR": 36633.1, "BNBEUR": 430.54, "ETHEUR": 2795.35, "LTCEUR": 233.44, "XRPEUR": 1.2244, "ADAEUR": 1.7316, "XLMEUR": 0.55624, "DOGEEUR": 0.40675}