{"BTCEUR": 28547.17, "BNBEUR": 265.18, "ETHEUR": 1782.05, "LTCEUR": 112.12, "XRPEUR": 0.5262, "ADAEUR": 1.1273, "XLMEUR": 0.20425, "DOGEEUR": 0.18291}