{"BTCEUR": 28034.67, "BNBEUR": 262.35, "ETHEUR": 1696.05, "LTCEUR": 111.55, "XRPEUR": 0.5255, "ADAEUR": 1.0815, "XLMEUR": 0.20085, "DOGEEUR": 0.17008}