{"BTCEUR": 40441.41, "BNBEUR": 489.59, "ETHEUR": 3079.8, "LTCEUR": 259.95, "XRPEUR": 1.2728, "ADAEUR": 1.9369, "XLMEUR": 0.63619, "DOGEEUR": 0.43049}