{"BTCEUR": 32093.32, "BNBEUR": 313.22, "ETHEUR": 2171.46, "LTCEUR": 168.35, "XRPEUR": 0.9629, "ADAEUR": 1.309, "XLMEUR": 0.39349, "DOGEEUR": 0.29595}