{"BTCEUR": 37557.97, "BNBEUR": 454.9, "ETHEUR": 2908.21, "LTCEUR": 239.46, "XRPEUR": 1.1728, "ADAEUR": 1.8237, "XLMEUR": 0.57866, "DOGEEUR": 0.40829}