{"BTCEUR": 28889.35, "BNBEUR": 275.73, "ETHEUR": 1806.39, "LTCEUR": 114.18, "XRPEUR": 0.5454, "ADAEUR": 1.1402, "XLMEUR": 0.20982, "DOGEEUR": 0.18178}