{"BTCEUR": 40105.67, "BNBEUR": 488.43, "ETHEUR": 3065.95, "LTCEUR": 258.85, "XRPEUR": 1.2645, "ADAEUR": 1.942, "XLMEUR": 0.62471, "DOGEEUR": 0.42804}