{"BTCEUR": 28385.06, "BNBEUR": 267.32, "ETHEUR": 1786.61, "LTCEUR": 113.5, "XRPEUR": 0.5288, "ADAEUR": 1.13, "XLMEUR": 0.20705, "DOGEEUR": 0.18038}