{"BTCEUR": 28362.9, "BNBEUR": 267.41, "ETHEUR": 1790.37, "LTCEUR": 113.33, "XRPEUR": 0.5277, "ADAEUR": 1.1301, "XLMEUR": 0.20714, "DOGEEUR": 0.18198}