{"BTCEUR": 27297.68, "BNBEUR": 252.34, "ETHEUR": 1615.99, "LTCEUR": 107.13, "XRPEUR": 0.5092, "ADAEUR": 1.0428, "XLMEUR": 0.19099, "DOGEEUR": 0.16267}