{"BTCEUR": 28505.93, "BNBEUR": 264.82, "ETHEUR": 1780.08, "LTCEUR": 111.88, "XRPEUR": 0.5262, "ADAEUR": 1.1201, "XLMEUR": 0.20435, "DOGEEUR": 0.18194}