{"BTCEUR": 27833.12, "BNBEUR": 263.87, "ETHEUR": 1688.16, "LTCEUR": 113.56, "XRPEUR": 0.5313, "ADAEUR": 1.0884, "XLMEUR": 0.19838, "DOGEEUR": 0.17151}