{"BTCEUR": 27884.65, "BNBEUR": 264.21, "ETHEUR": 1704.55, "LTCEUR": 112.34, "XRPEUR": 0.5301, "ADAEUR": 1.1018, "XLMEUR": 0.20051, "DOGEEUR": 0.17306}