{"BTCEUR": 32877.7, "BNBEUR": 297.78, "ETHEUR": 2172.43, "LTCEUR": 167.19, "XRPEUR": 0.9607, "ADAEUR": 1.318, "XLMEUR": 0.39343, "DOGEEUR": 0.29385}