{"BTCEUR": 35458.79, "BNBEUR": 413.42, "ETHEUR": 2716.5, "LTCEUR": 241.51, "XRPEUR": 1.2765, "ADAEUR": 1.6489, "XLMEUR": 0.53442, "DOGEEUR": 0.39307}