{"BTCEUR": 27830.02, "BNBEUR": 266.83, "ETHEUR": 1816.53, "LTCEUR": 111.77, "XRPEUR": 0.5284, "ADAEUR": 1.1483, "XLMEUR": 0.20781, "DOGEEUR": 0.17878}