{"BTCEUR": 28006.6, "BNBEUR": 264.25, "ETHEUR": 1660.46, "LTCEUR": 112.5, "XRPEUR": 0.5304, "ADAEUR": 1.0829, "XLMEUR": 0.19903, "DOGEEUR": 0.17059}