{"BTCEUR": 33329.13, "BNBEUR": 382.89, "ETHEUR": 2568.02, "LTCEUR": 224.12, "XRPEUR": 1.2234, "ADAEUR": 1.5146, "XLMEUR": 0.49764, "DOGEEUR": 0.35406}