{"BTCEUR": 27807.58, "BNBEUR": 261.31, "ETHEUR": 1773.24, "LTCEUR": 109.91, "XRPEUR": 0.5175, "ADAEUR": 1.1198, "XLMEUR": 0.20063, "DOGEEUR": 0.18578}