{"BTCEUR": 28966.95, "BNBEUR": 280.98, "ETHEUR": 1811.02, "LTCEUR": 117.01, "XRPEUR": 0.5489, "ADAEUR": 1.1506, "XLMEUR": 0.21155, "DOGEEUR": 0.18311}