{"BTCEUR": 28313.42, "BNBEUR": 265.07, "ETHEUR": 1770.01, "LTCEUR": 112.82, "XRPEUR": 0.5247, "ADAEUR": 1.1272, "XLMEUR": 0.20463, "DOGEEUR": 0.17965}