{"BTCEUR": 27748.4, "BNBEUR": 255.89, "ETHEUR": 1626.39, "LTCEUR": 109.46, "XRPEUR": 0.5213, "ADAEUR": 1.0594, "XLMEUR": 0.19321, "DOGEEUR": 0.16413}