{"BTCEUR": 27843.01, "BNBEUR": 265.48, "ETHEUR": 1718.02, "LTCEUR": 112.34, "XRPEUR": 0.5289, "ADAEUR": 1.1063, "XLMEUR": 0.20077, "DOGEEUR": 0.17733}