{"BTCEUR": 37172.03, "BNBEUR": 438.61, "ETHEUR": 2852.05, "LTCEUR": 237.3, "XRPEUR": 1.2504, "ADAEUR": 1.7635, "XLMEUR": 0.56692, "DOGEEUR": 0.40835}