{"BTCEUR": 40348.54, "BNBEUR": 488.59, "ETHEUR": 3071.16, "LTCEUR": 259.08, "XRPEUR": 1.2672, "ADAEUR": 1.9355, "XLMEUR": 0.63306, "DOGEEUR": 0.43142}