{"BTCEUR": 33564.24, "BNBEUR": 387.61, "ETHEUR": 2611.98, "LTCEUR": 227.15, "XRPEUR": 1.2406, "ADAEUR": 1.5302, "XLMEUR": 0.50042, "DOGEEUR": 0.36003}