{"BTCEUR": 32175.06, "BNBEUR": 320.19, "ETHEUR": 2318.83, "LTCEUR": 178.58, "XRPEUR": 1.0231, "ADAEUR": 1.4334, "XLMEUR": 0.40949, "DOGEEUR": 0.33295}