{"BTCEUR": 28576.87, "BNBEUR": 265.9, "ETHEUR": 1795.92, "LTCEUR": 112.65, "XRPEUR": 0.5286, "ADAEUR": 1.1351, "XLMEUR": 0.20528, "DOGEEUR": 0.18446}