{"BTCEUR": 27958.5, "BNBEUR": 267.14, "ETHEUR": 1715.03, "LTCEUR": 112.71, "XRPEUR": 0.5298, "ADAEUR": 1.1049, "XLMEUR": 0.20124, "DOGEEUR": 0.17437}