{"BTCEUR": 33632.71, "BNBEUR": 312.67, "ETHEUR": 2222.55, "LTCEUR": 169.1, "XRPEUR": 0.9287, "ADAEUR": 1.4035, "XLMEUR": 0.39608, "DOGEEUR": 0.32127}