{"BTCEUR": 27714.25, "BNBEUR": 262.28, "ETHEUR": 1700.58, "LTCEUR": 112.8, "XRPEUR": 0.5239, "ADAEUR": 1.0948, "XLMEUR": 0.20044, "DOGEEUR": 0.17344}