{"BTCEUR": 28094.97, "BNBEUR": 265.7, "ETHEUR": 1708.2, "LTCEUR": 111.62, "XRPEUR": 0.5288, "ADAEUR": 1.0909, "XLMEUR": 0.20213, "DOGEEUR": 0.17106}