{"BTCEUR": 27573.05, "BNBEUR": 260.6, "ETHEUR": 1676.19, "LTCEUR": 110.57, "XRPEUR": 0.5256, "ADAEUR": 1.0853, "XLMEUR": 0.19888, "DOGEEUR": 0.16985}