{"BTCEUR": 27804.35, "BNBEUR": 261.33, "ETHEUR": 1774.93, "LTCEUR": 110.41, "XRPEUR": 0.5175, "ADAEUR": 1.1201, "XLMEUR": 0.20089, "DOGEEUR": 0.18596}