{"BTCEUR": 33060.01, "BNBEUR": 301.82, "ETHEUR": 2208.79, "LTCEUR": 171.22, "XRPEUR": 0.9609, "ADAEUR": 1.354, "XLMEUR": 0.39815, "DOGEEUR": 0.30255}