{"BTCEUR": 27316.46, "BNBEUR": 251.88, "ETHEUR": 1618.35, "LTCEUR": 107.56, "XRPEUR": 0.5123, "ADAEUR": 1.0392, "XLMEUR": 0.19111, "DOGEEUR": 0.16451}