{"BTCEUR": 29015.23, "BNBEUR": 276.58, "ETHEUR": 1821.6, "LTCEUR": 114.42, "XRPEUR": 0.5465, "ADAEUR": 1.1467, "XLMEUR": 0.21175, "DOGEEUR": 0.18255}