{"BTCEUR": 32701.74, "BNBEUR": 317.33, "ETHEUR": 2266.68, "LTCEUR": 171.62, "XRPEUR": 0.9595, "ADAEUR": 1.4761, "XLMEUR": 0.40814, "DOGEEUR": 0.34099}