{"BTCEUR": 27809.39, "BNBEUR": 257.52, "ETHEUR": 1634.9, "LTCEUR": 109.85, "XRPEUR": 0.5216, "ADAEUR": 1.0635, "XLMEUR": 0.19469, "DOGEEUR": 0.16512}