{"BTCEUR": 28191.78, "BNBEUR": 264.51, "ETHEUR": 1805.17, "LTCEUR": 112.7, "XRPEUR": 0.5305, "ADAEUR": 1.1436, "XLMEUR": 0.20764, "DOGEEUR": 0.18899}