{"BTCEUR": 35492.75, "BNBEUR": 421.57, "ETHEUR": 2808.11, "LTCEUR": 243.7, "XRPEUR": 1.3457, "ADAEUR": 1.6557, "XLMEUR": 0.53665, "DOGEEUR": 0.39193}