{"BTCEUR": 28316.06, "BNBEUR": 266.56, "ETHEUR": 1772.4, "LTCEUR": 112.82, "XRPEUR": 0.5249, "ADAEUR": 1.1291, "XLMEUR": 0.20491, "DOGEEUR": 0.17983}