{"BTCEUR": 28616.51, "BNBEUR": 267.95, "ETHEUR": 1793.94, "LTCEUR": 112.84, "XRPEUR": 0.5287, "ADAEUR": 1.1306, "XLMEUR": 0.20543, "DOGEEUR": 0.18194}