{"BTCEUR": 28003.82, "BNBEUR": 268.05, "ETHEUR": 1731.98, "LTCEUR": 115.16, "XRPEUR": 0.5304, "ADAEUR": 1.1099, "XLMEUR": 0.20242, "DOGEEUR": 0.17469}