{"BTCEUR": 27926.35, "BNBEUR": 265.99, "ETHEUR": 1712.0, "LTCEUR": 112.65, "XRPEUR": 0.5298, "ADAEUR": 1.1039, "XLMEUR": 0.20134, "DOGEEUR": 0.17298}