{"BTCEUR": 31039.81, "BNBEUR": 271.05, "ETHEUR": 2017.19, "LTCEUR": 147.93, "XRPEUR": 0.812, "ADAEUR": 1.2735, "XLMEUR": 0.34143, "DOGEEUR": 0.29161}