{"BTCEUR": 28241.41, "BNBEUR": 272.35, "ETHEUR": 1774.0, "LTCEUR": 114.82, "XRPEUR": 0.5354, "ADAEUR": 1.1289, "XLMEUR": 0.20528, "DOGEEUR": 0.17831}