{"BTCEUR": 31547.78, "BNBEUR": 280.47, "ETHEUR": 2036.58, "LTCEUR": 159.64, "XRPEUR": 0.9092, "ADAEUR": 1.2773, "XLMEUR": 0.37731, "DOGEEUR": 0.27813}