{"BTCEUR": 31298.16, "BNBEUR": 273.36, "ETHEUR": 1997.04, "LTCEUR": 154.88, "XRPEUR": 0.8871, "ADAEUR": 1.2504, "XLMEUR": 0.36858, "DOGEEUR": 0.27636}