{"BTCEUR": 28561.81, "BNBEUR": 272.77, "ETHEUR": 1800.83, "LTCEUR": 114.23, "XRPEUR": 0.5304, "ADAEUR": 1.1329, "XLMEUR": 0.20686, "DOGEEUR": 0.18145}