{"BTCEUR": 33512.13, "BNBEUR": 393.1, "ETHEUR": 2618.57, "LTCEUR": 226.58, "XRPEUR": 1.2285, "ADAEUR": 1.5309, "XLMEUR": 0.50205, "DOGEEUR": 0.35876}