{"BTCEUR": 28829.46, "BNBEUR": 277.97, "ETHEUR": 1803.61, "LTCEUR": 116.28, "XRPEUR": 0.5464, "ADAEUR": 1.1437, "XLMEUR": 0.20927, "DOGEEUR": 0.18202}