{"BTCEUR": 27788.54, "BNBEUR": 260.41, "ETHEUR": 1671.26, "LTCEUR": 110.18, "XRPEUR": 0.5219, "ADAEUR": 1.0719, "XLMEUR": 0.19874, "DOGEEUR": 0.16821}