{"BTCEUR": 27594.28, "BNBEUR": 262.39, "ETHEUR": 1681.18, "LTCEUR": 111.18, "XRPEUR": 0.5258, "ADAEUR": 1.0871, "XLMEUR": 0.19812, "DOGEEUR": 0.17067}