{"BTCEUR": 34338.3, "BNBEUR": 336.25, "ETHEUR": 2403.59, "LTCEUR": 178.83, "XRPEUR": 1.0131, "ADAEUR": 1.5295, "XLMEUR": 0.42635, "DOGEEUR": 0.34305}