{"BTCEUR": 27971.68, "BNBEUR": 266.58, "ETHEUR": 1713.27, "LTCEUR": 112.53, "XRPEUR": 0.531, "ADAEUR": 1.1051, "XLMEUR": 0.20122, "DOGEEUR": 0.17318}