{"BTCEUR": 27891.66, "BNBEUR": 263.0, "ETHEUR": 1699.0, "LTCEUR": 112.0, "XRPEUR": 0.5311, "ADAEUR": 1.0941, "XLMEUR": 0.20127, "DOGEEUR": 0.17079}