{"BTCEUR": 32696.79, "BNBEUR": 296.02, "ETHEUR": 2167.59, "LTCEUR": 163.87, "XRPEUR": 0.9512, "ADAEUR": 1.3189, "XLMEUR": 0.39115, "DOGEEUR": 0.28945}