{"BTCEUR": 37622.27, "BNBEUR": 453.81, "ETHEUR": 2904.03, "LTCEUR": 240.1, "XRPEUR": 1.1684, "ADAEUR": 1.8136, "XLMEUR": 0.57863, "DOGEEUR": 0.40585}