{"BTCEUR": 32785.96, "BNBEUR": 317.82, "ETHEUR": 2263.63, "LTCEUR": 166.83, "XRPEUR": 0.9341, "ADAEUR": 1.4176, "XLMEUR": 0.39093, "DOGEEUR": 0.32083}