{"BTCEUR": 30323.12, "BNBEUR": 262.08, "ETHEUR": 1930.62, "LTCEUR": 146.41, "XRPEUR": 0.7828, "ADAEUR": 1.2459, "XLMEUR": 0.33012, "DOGEEUR": 0.27796}