{"BTCEUR": 27655.03, "BNBEUR": 261.92, "ETHEUR": 1670.3, "LTCEUR": 112.99, "XRPEUR": 0.5291, "ADAEUR": 1.0794, "XLMEUR": 0.19701, "DOGEEUR": 0.17017}