{"BTCEUR": 35636.58, "BNBEUR": 421.89, "ETHEUR": 2793.75, "LTCEUR": 243.1, "XRPEUR": 1.2991, "ADAEUR": 1.6701, "XLMEUR": 0.53117, "DOGEEUR": 0.39299}