{"BTCEUR": 27825.32, "BNBEUR": 262.35, "ETHEUR": 1796.78, "LTCEUR": 110.83, "XRPEUR": 0.524, "ADAEUR": 1.125, "XLMEUR": 0.20128, "DOGEEUR": 0.17365}