{"BTCEUR": 28966.22, "BNBEUR": 272.43, "ETHEUR": 1810.31, "LTCEUR": 113.26, "XRPEUR": 0.5365, "ADAEUR": 1.1392, "XLMEUR": 0.20737, "DOGEEUR": 0.18289}