{"BTCEUR": 28420.0, "BNBEUR": 264.5, "ETHEUR": 1783.45, "LTCEUR": 111.74, "XRPEUR": 0.5256, "ADAEUR": 1.1272, "XLMEUR": 0.20315, "DOGEEUR": 0.18217}