{"BTCEUR": 27927.46, "BNBEUR": 266.63, "ETHEUR": 1713.11, "LTCEUR": 112.55, "XRPEUR": 0.5301, "ADAEUR": 1.1036, "XLMEUR": 0.20103, "DOGEEUR": 0.17389}