{"BTCEUR": 28486.5, "BNBEUR": 264.42, "ETHEUR": 1792.16, "LTCEUR": 112.18, "XRPEUR": 0.5283, "ADAEUR": 1.1308, "XLMEUR": 0.20546, "DOGEEUR": 0.18366}