{"BTCEUR": 32452.24, "BNBEUR": 295.14, "ETHEUR": 2195.99, "LTCEUR": 169.67, "XRPEUR": 0.9512, "ADAEUR": 1.3607, "XLMEUR": 0.39535, "DOGEEUR": 0.29705}