{"BTCEUR": 37069.51, "BNBEUR": 431.25, "ETHEUR": 2877.49, "LTCEUR": 250.38, "XRPEUR": 1.2423, "ADAEUR": 1.7136, "XLMEUR": 0.54208, "DOGEEUR": 0.40462}