{"BTCEUR": 35425.27, "BNBEUR": 419.53, "ETHEUR": 2817.96, "LTCEUR": 243.54, "XRPEUR": 1.3243, "ADAEUR": 1.6521, "XLMEUR": 0.53585, "DOGEEUR": 0.39389}