{"BTCEUR": 28685.58, "BNBEUR": 268.9, "ETHEUR": 1828.02, "LTCEUR": 113.98, "XRPEUR": 0.5401, "ADAEUR": 1.1426, "XLMEUR": 0.20852, "DOGEEUR": 0.18817}