{"BTCEUR": 28791.54, "BNBEUR": 271.17, "ETHEUR": 1795.34, "LTCEUR": 112.95, "XRPEUR": 0.5355, "ADAEUR": 1.1328, "XLMEUR": 0.20688, "DOGEEUR": 0.18118}