{"BTCEUR": 27894.04, "BNBEUR": 260.66, "ETHEUR": 1793.68, "LTCEUR": 110.22, "XRPEUR": 0.5222, "ADAEUR": 1.1178, "XLMEUR": 0.20224, "DOGEEUR": 0.17384}