{"BTCEUR": 36453.85, "BNBEUR": 429.54, "ETHEUR": 2746.65, "LTCEUR": 237.56, "XRPEUR": 1.2447, "ADAEUR": 1.6975, "XLMEUR": 0.53728, "DOGEEUR": 0.40481}