{"BTCEUR": 32026.54, "BNBEUR": 319.98, "ETHEUR": 2175.54, "LTCEUR": 167.91, "XRPEUR": 0.97, "ADAEUR": 1.3543, "XLMEUR": 0.40121, "DOGEEUR": 0.29867}