{"BTCEUR": 36599.83, "BNBEUR": 441.31, "ETHEUR": 2786.56, "LTCEUR": 232.28, "XRPEUR": 1.1486, "ADAEUR": 1.7328, "XLMEUR": 0.54298, "DOGEEUR": 0.40405}