{"BTCEUR": 28355.15, "BNBEUR": 271.0, "ETHEUR": 1776.32, "LTCEUR": 114.91, "XRPEUR": 0.5368, "ADAEUR": 1.1291, "XLMEUR": 0.20676, "DOGEEUR": 0.17925}