{"BTCEUR": 31155.84, "BNBEUR": 281.16, "ETHEUR": 2058.42, "LTCEUR": 153.89, "XRPEUR": 0.8554, "ADAEUR": 1.3074, "XLMEUR": 0.37022, "DOGEEUR": 0.29867}