{"BTCEUR": 27542.47, "BNBEUR": 260.9, "ETHEUR": 1639.41, "LTCEUR": 111.04, "XRPEUR": 0.5219, "ADAEUR": 1.0667, "XLMEUR": 0.19459, "DOGEEUR": 0.16911}