{"BTCEUR": 28630.48, "BNBEUR": 273.35, "ETHEUR": 1806.42, "LTCEUR": 113.84, "XRPEUR": 0.5347, "ADAEUR": 1.1336, "XLMEUR": 0.20709, "DOGEEUR": 0.18277}