{"BTCEUR": 28436.27, "BNBEUR": 263.81, "ETHEUR": 1784.18, "LTCEUR": 112.09, "XRPEUR": 0.5263, "ADAEUR": 1.1305, "XLMEUR": 0.20411, "DOGEEUR": 0.18356}