{"BTCEUR": 27719.64, "BNBEUR": 262.81, "ETHEUR": 1708.63, "LTCEUR": 111.94, "XRPEUR": 0.5258, "ADAEUR": 1.0983, "XLMEUR": 0.20012, "DOGEEUR": 0.17356}