{"BTCEUR": 35450.06, "BNBEUR": 420.37, "ETHEUR": 2807.05, "LTCEUR": 244.89, "XRPEUR": 1.3267, "ADAEUR": 1.67, "XLMEUR": 0.53718, "DOGEEUR": 0.39431}