{"BTCEUR": 33642.92, "BNBEUR": 312.14, "ETHEUR": 2207.85, "LTCEUR": 169.3, "XRPEUR": 0.9314, "ADAEUR": 1.3933, "XLMEUR": 0.39785, "DOGEEUR": 0.32118}