{"BTCEUR": 32617.11, "BNBEUR": 308.89, "ETHEUR": 2193.87, "LTCEUR": 165.49, "XRPEUR": 0.9118, "ADAEUR": 1.3927, "XLMEUR": 0.38718, "DOGEEUR": 0.31582}