{"BTCEUR": 27649.02, "BNBEUR": 254.85, "ETHEUR": 1618.74, "LTCEUR": 108.78, "XRPEUR": 0.516, "ADAEUR": 1.0525, "XLMEUR": 0.19356, "DOGEEUR": 0.16348}