{"BTCEUR": 36631.06, "BNBEUR": 429.21, "ETHEUR": 2767.71, "LTCEUR": 242.73, "XRPEUR": 1.2419, "ADAEUR": 1.6851, "XLMEUR": 0.53619, "DOGEEUR": 0.40417}