{"BTCEUR": 27360.31, "BNBEUR": 253.08, "ETHEUR": 1620.35, "LTCEUR": 108.11, "XRPEUR": 0.513, "ADAEUR": 1.0425, "XLMEUR": 0.19111, "DOGEEUR": 0.16351}