{"BTCEUR": 28376.54, "BNBEUR": 263.6, "ETHEUR": 1783.73, "LTCEUR": 111.89, "XRPEUR": 0.5278, "ADAEUR": 1.1265, "XLMEUR": 0.20372, "DOGEEUR": 0.18345}