{"BTCEUR": 28120.77, "BNBEUR": 264.23, "ETHEUR": 1762.64, "LTCEUR": 111.09, "XRPEUR": 0.5218, "ADAEUR": 1.1193, "XLMEUR": 0.20223, "DOGEEUR": 0.17834}