{"BTCEUR": 27755.46, "BNBEUR": 265.17, "ETHEUR": 1810.39, "LTCEUR": 111.38, "XRPEUR": 0.5263, "ADAEUR": 1.1443, "XLMEUR": 0.20722, "DOGEEUR": 0.17774}