{"BTCEUR": 30552.74, "BNBEUR": 275.62, "ETHEUR": 2020.35, "LTCEUR": 149.93, "XRPEUR": 0.8365, "ADAEUR": 1.2919, "XLMEUR": 0.35914, "DOGEEUR": 0.29227}