{"BTCEUR": 27986.82, "BNBEUR": 267.16, "ETHEUR": 1714.51, "LTCEUR": 112.7, "XRPEUR": 0.5315, "ADAEUR": 1.1054, "XLMEUR": 0.20079, "DOGEEUR": 0.17391}