{"BTCEUR": 35259.67, "BNBEUR": 417.29, "ETHEUR": 2782.41, "LTCEUR": 241.64, "XRPEUR": 1.2981, "ADAEUR": 1.6474, "XLMEUR": 0.52934, "DOGEEUR": 0.38919}