{"BTCEUR": 32867.12, "BNBEUR": 306.2, "ETHEUR": 2242.88, "LTCEUR": 173.17, "XRPEUR": 0.9757, "ADAEUR": 1.3968, "XLMEUR": 0.40636, "DOGEEUR": 0.30776}