{"BTCEUR": 37030.23, "BNBEUR": 430.83, "ETHEUR": 2879.59, "LTCEUR": 250.71, "XRPEUR": 1.2427, "ADAEUR": 1.7122, "XLMEUR": 0.54087, "DOGEEUR": 0.40499}