{"BTCEUR": 40355.14, "BNBEUR": 489.14, "ETHEUR": 3083.17, "LTCEUR": 258.74, "XRPEUR": 1.2649, "ADAEUR": 1.9282, "XLMEUR": 0.63049, "DOGEEUR": 0.43019}