{"BTCEUR": 37977.82, "BNBEUR": 461.02, "ETHEUR": 2948.9, "LTCEUR": 242.24, "XRPEUR": 1.1966, "ADAEUR": 1.854, "XLMEUR": 0.58951, "DOGEEUR": 0.42027}