{"BTCEUR": 35174.85, "BNBEUR": 406.83, "ETHEUR": 2622.16, "LTCEUR": 220.67, "XRPEUR": 1.1071, "ADAEUR": 1.6972, "XLMEUR": 0.51963, "DOGEEUR": 0.38195}