{"BTCEUR": 28412.9, "BNBEUR": 272.75, "ETHEUR": 1778.7, "LTCEUR": 115.03, "XRPEUR": 0.5388, "ADAEUR": 1.1323, "XLMEUR": 0.20638, "DOGEEUR": 0.17913}