{"BTCEUR": 27838.6, "BNBEUR": 264.62, "ETHEUR": 1691.13, "LTCEUR": 113.59, "XRPEUR": 0.5301, "ADAEUR": 1.0931, "XLMEUR": 0.19967, "DOGEEUR": 0.17278}