{"BTCEUR": 28027.22, "BNBEUR": 268.06, "ETHEUR": 1729.25, "LTCEUR": 114.81, "XRPEUR": 0.529, "ADAEUR": 1.1111, "XLMEUR": 0.20249, "DOGEEUR": 0.17508}