{"BTCEUR": 27381.27, "BNBEUR": 252.96, "ETHEUR": 1630.92, "LTCEUR": 108.02, "XRPEUR": 0.5137, "ADAEUR": 1.0474, "XLMEUR": 0.19205, "DOGEEUR": 0.16568}