{"BTCEUR": 27903.83, "BNBEUR": 260.63, "ETHEUR": 1672.55, "LTCEUR": 110.01, "XRPEUR": 0.5222, "ADAEUR": 1.0729, "XLMEUR": 0.19873, "DOGEEUR": 0.16887}