{"BTCEUR": 35833.28, "BNBEUR": 436.42, "ETHEUR": 2733.92, "LTCEUR": 230.63, "XRPEUR": 1.1157, "ADAEUR": 1.6438, "XLMEUR": 0.54222, "DOGEEUR": 0.40016}