{"BTCEUR": 31434.26, "BNBEUR": 319.44, "ETHEUR": 2198.23, "LTCEUR": 196.9, "XRPEUR": 1.0338, "ADAEUR": 1.2823, "XLMEUR": 0.41826, "DOGEEUR": 0.30052}