{"BTCEUR": 35830.58, "BNBEUR": 416.99, "ETHEUR": 2715.86, "LTCEUR": 226.24, "XRPEUR": 1.2008, "ADAEUR": 1.6711, "XLMEUR": 0.53811, "DOGEEUR": 0.39222}