{"BTCEUR": 28574.16, "BNBEUR": 267.7, "ETHEUR": 1820.0, "LTCEUR": 114.01, "XRPEUR": 0.5369, "ADAEUR": 1.1451, "XLMEUR": 0.20856, "DOGEEUR": 0.18622}