{"BTCEUR": 35345.43, "BNBEUR": 419.1, "ETHEUR": 2796.0, "LTCEUR": 243.05, "XRPEUR": 1.3085, "ADAEUR": 1.6521, "XLMEUR": 0.53392, "DOGEEUR": 0.39109}