{"BTCEUR": 33274.36, "BNBEUR": 324.31, "ETHEUR": 2322.77, "LTCEUR": 174.66, "XRPEUR": 0.9803, "ADAEUR": 1.5052, "XLMEUR": 0.40779, "DOGEEUR": 0.33247}