{"BTCEUR": 28517.25, "BNBEUR": 265.08, "ETHEUR": 1779.22, "LTCEUR": 111.92, "XRPEUR": 0.5265, "ADAEUR": 1.1217, "XLMEUR": 0.20492, "DOGEEUR": 0.18184}