{"BTCEUR": 40690.78, "BNBEUR": 495.91, "ETHEUR": 3166.41, "LTCEUR": 264.22, "XRPEUR": 1.3007, "ADAEUR": 1.9901, "XLMEUR": 0.63817, "DOGEEUR": 0.43685}