{"BTCEUR": 27820.0, "BNBEUR": 262.46, "ETHEUR": 1795.34, "LTCEUR": 110.96, "XRPEUR": 0.5231, "ADAEUR": 1.1257, "XLMEUR": 0.20145, "DOGEEUR": 0.18425}