{"BTCEUR": 27605.65, "BNBEUR": 262.05, "ETHEUR": 1675.08, "LTCEUR": 111.24, "XRPEUR": 0.5265, "ADAEUR": 1.0824, "XLMEUR": 0.19862, "DOGEEUR": 0.17059}