{"BTCEUR": 27850.64, "BNBEUR": 263.28, "ETHEUR": 1654.29, "LTCEUR": 111.85, "XRPEUR": 0.5294, "ADAEUR": 1.078, "XLMEUR": 0.19833, "DOGEEUR": 0.17051}