{"BTCEUR": 32433.14, "BNBEUR": 350.77, "ETHEUR": 2438.97, "LTCEUR": 219.01, "XRPEUR": 1.1699, "ADAEUR": 1.4164, "XLMEUR": 0.47132, "DOGEEUR": 0.33435}