{"BTCEUR": 33838.55, "BNBEUR": 315.4, "ETHEUR": 2237.79, "LTCEUR": 170.15, "XRPEUR": 0.9313, "ADAEUR": 1.3967, "XLMEUR": 0.39858, "DOGEEUR": 0.32172}