{"BTCEUR": 28868.55, "BNBEUR": 273.83, "ETHEUR": 2004.34, "LTCEUR": 159.89, "XRPEUR": 0.9163, "ADAEUR": 1.1532, "XLMEUR": 0.36443, "DOGEEUR": 0.27555}