{"BTCEUR": 27600.89, "BNBEUR": 261.82, "ETHEUR": 1650.66, "LTCEUR": 111.45, "XRPEUR": 0.5218, "ADAEUR": 1.0732, "XLMEUR": 0.19525, "DOGEEUR": 0.16979}