{"BTCEUR": 29862.53, "BNBEUR": 255.15, "ETHEUR": 1939.85, "LTCEUR": 142.96, "XRPEUR": 0.7987, "ADAEUR": 1.2203, "XLMEUR": 0.33606, "DOGEEUR": 0.28777}