{"BTCEUR": 30815.16, "BNBEUR": 277.01, "ETHEUR": 2039.12, "LTCEUR": 151.62, "XRPEUR": 0.8544, "ADAEUR": 1.2883, "XLMEUR": 0.36619, "DOGEEUR": 0.29325}