{"BTCEUR": 28298.77, "BNBEUR": 266.05, "ETHEUR": 1769.74, "LTCEUR": 112.58, "XRPEUR": 0.5237, "ADAEUR": 1.1277, "XLMEUR": 0.20449, "DOGEEUR": 0.17922}