{"BTCEUR": 32517.74, "BNBEUR": 297.6, "ETHEUR": 2187.42, "LTCEUR": 171.12, "XRPEUR": 0.9567, "ADAEUR": 1.3724, "XLMEUR": 0.39535, "DOGEEUR": 0.29688}