{"BTCEUR": 28770.97, "BNBEUR": 273.0, "ETHEUR": 1799.35, "LTCEUR": 113.28, "XRPEUR": 0.5376, "ADAEUR": 1.1343, "XLMEUR": 0.20843, "DOGEEUR": 0.18114}