{"BTCEUR": 28189.47, "BNBEUR": 272.05, "ETHEUR": 1773.04, "LTCEUR": 114.94, "XRPEUR": 0.5347, "ADAEUR": 1.1278, "XLMEUR": 0.20511, "DOGEEUR": 0.17851}