{"BTCEUR": 33976.81, "BNBEUR": 329.89, "ETHEUR": 2363.14, "LTCEUR": 176.34, "XRPEUR": 0.964, "ADAEUR": 1.4817, "XLMEUR": 0.41111, "DOGEEUR": 0.33022}