{"BTCEUR": 37361.99, "BNBEUR": 432.68, "ETHEUR": 2875.07, "LTCEUR": 260.05, "XRPEUR": 1.3826, "ADAEUR": 1.7481, "XLMEUR": 0.57207, "DOGEEUR": 0.40721}