{"BTCEUR": 32406.44, "BNBEUR": 295.66, "ETHEUR": 2166.58, "LTCEUR": 169.98, "XRPEUR": 0.9475, "ADAEUR": 1.3623, "XLMEUR": 0.39544, "DOGEEUR": 0.29455}