{"BTCEUR": 28128.06, "BNBEUR": 264.77, "ETHEUR": 1824.91, "LTCEUR": 111.96, "XRPEUR": 0.5294, "ADAEUR": 1.1376, "XLMEUR": 0.20386, "DOGEEUR": 0.17663}