{"BTCEUR": 28502.75, "BNBEUR": 264.04, "ETHEUR": 1777.95, "LTCEUR": 111.67, "XRPEUR": 0.5249, "ADAEUR": 1.122, "XLMEUR": 0.20363, "DOGEEUR": 0.18219}