{"BTCEUR": 36404.77, "BNBEUR": 428.26, "ETHEUR": 2782.3, "LTCEUR": 232.57, "XRPEUR": 1.21, "ADAEUR": 1.7166, "XLMEUR": 0.55358, "DOGEEUR": 0.40165}