{"BTCEUR": 27933.84, "BNBEUR": 264.08, "ETHEUR": 1660.75, "LTCEUR": 112.43, "XRPEUR": 0.5311, "ADAEUR": 1.0847, "XLMEUR": 0.19848, "DOGEEUR": 0.17077}