{"BTCEUR": 27936.0, "BNBEUR": 262.39, "ETHEUR": 1670.99, "LTCEUR": 110.32, "XRPEUR": 0.5216, "ADAEUR": 1.07, "XLMEUR": 0.19722, "DOGEEUR": 0.16977}