{"BTCEUR": 35335.51, "BNBEUR": 418.67, "ETHEUR": 2787.68, "LTCEUR": 240.84, "XRPEUR": 1.2938, "ADAEUR": 1.6564, "XLMEUR": 0.53026, "DOGEEUR": 0.39063}