{"BTCEUR": 33625.4, "BNBEUR": 394.99, "ETHEUR": 2630.0, "LTCEUR": 228.97, "XRPEUR": 1.2397, "ADAEUR": 1.5513, "XLMEUR": 0.50653, "DOGEEUR": 0.36474}