{"BTCEUR": 37230.98, "BNBEUR": 433.71, "ETHEUR": 2860.0, "LTCEUR": 252.21, "XRPEUR": 1.261, "ADAEUR": 1.7255, "XLMEUR": 0.54774, "DOGEEUR": 0.41207}