{"BTCEUR": 28027.34, "BNBEUR": 267.89, "ETHEUR": 1717.49, "LTCEUR": 113.01, "XRPEUR": 0.5313, "ADAEUR": 1.1083, "XLMEUR": 0.20134, "DOGEEUR": 0.17408}