{"BTCEUR": 32344.9, "BNBEUR": 311.87, "ETHEUR": 2193.02, "LTCEUR": 168.56, "XRPEUR": 0.9607, "ADAEUR": 1.3065, "XLMEUR": 0.39461, "DOGEEUR": 0.29697}