{"BTCEUR": 29014.27, "BNBEUR": 242.0, "ETHEUR": 1849.54, "LTCEUR": 138.94, "XRPEUR": 0.7827, "ADAEUR": 1.1696, "XLMEUR": 0.33111, "DOGEEUR": 0.27352}