{"BTCEUR": 28490.94, "BNBEUR": 274.62, "ETHEUR": 1780.03, "LTCEUR": 115.12, "XRPEUR": 0.5401, "ADAEUR": 1.1335, "XLMEUR": 0.20641, "DOGEEUR": 0.17988}