{"BTCEUR": 28237.77, "BNBEUR": 264.34, "ETHEUR": 1764.75, "LTCEUR": 112.32, "XRPEUR": 0.524, "ADAEUR": 1.124, "XLMEUR": 0.20399, "DOGEEUR": 0.17927}