{"BTCEUR": 38096.09, "BNBEUR": 459.36, "ETHEUR": 2943.57, "LTCEUR": 242.92, "XRPEUR": 1.1862, "ADAEUR": 1.856, "XLMEUR": 0.59079, "DOGEEUR": 0.41734}