{"BTCEUR": 36804.74, "BNBEUR": 427.61, "ETHEUR": 2851.37, "LTCEUR": 249.25, "XRPEUR": 1.283, "ADAEUR": 1.7057, "XLMEUR": 0.55337, "DOGEEUR": 0.40305}