{"BTCEUR": 28222.69, "BNBEUR": 264.64, "ETHEUR": 1809.26, "LTCEUR": 113.1, "XRPEUR": 0.5331, "ADAEUR": 1.1401, "XLMEUR": 0.20742, "DOGEEUR": 0.18477}