{"BTCEUR": 31557.54, "BNBEUR": 302.66, "ETHEUR": 2135.59, "LTCEUR": 164.26, "XRPEUR": 0.9414, "ADAEUR": 1.2999, "XLMEUR": 0.38888, "DOGEEUR": 0.28986}