{"BTCEUR": 32423.12, "BNBEUR": 352.96, "ETHEUR": 2469.11, "LTCEUR": 221.22, "XRPEUR": 1.1794, "ADAEUR": 1.4423, "XLMEUR": 0.47377, "DOGEEUR": 0.34335}