{"BTCEUR": 31249.34, "BNBEUR": 288.63, "ETHEUR": 2073.16, "LTCEUR": 160.07, "XRPEUR": 0.9077, "ADAEUR": 1.2675, "XLMEUR": 0.37618, "DOGEEUR": 0.28186}