{"BTCEUR": 27894.18, "BNBEUR": 261.25, "ETHEUR": 1796.77, "LTCEUR": 110.5, "XRPEUR": 0.5218, "ADAEUR": 1.1194, "XLMEUR": 0.20164, "DOGEEUR": 0.17364}