{"BTCEUR": 30350.13, "BNBEUR": 264.0, "ETHEUR": 1985.79, "LTCEUR": 147.0, "XRPEUR": 0.8255, "ADAEUR": 1.2395, "XLMEUR": 0.35832, "DOGEEUR": 0.28669}