{"BTCEUR": 27932.74, "BNBEUR": 262.79, "ETHEUR": 1805.49, "LTCEUR": 111.5, "XRPEUR": 0.5265, "ADAEUR": 1.129, "XLMEUR": 0.20175, "DOGEEUR": 0.17392}