{"BTCEUR": 27379.09, "BNBEUR": 253.3, "ETHEUR": 1619.24, "LTCEUR": 107.58, "XRPEUR": 0.5114, "ADAEUR": 1.0485, "XLMEUR": 0.19164, "DOGEEUR": 0.16394}