{"BTCEUR": 34207.49, "BNBEUR": 334.55, "ETHEUR": 2390.89, "LTCEUR": 177.3, "XRPEUR": 0.9749, "ADAEUR": 1.501, "XLMEUR": 0.41568, "DOGEEUR": 0.33638}