{"BTCEUR": 28004.47, "BNBEUR": 262.23, "ETHEUR": 1696.6, "LTCEUR": 111.24, "XRPEUR": 0.5254, "ADAEUR": 1.0918, "XLMEUR": 0.20097, "DOGEEUR": 0.17004}