{"BTCEUR": 36335.06, "BNBEUR": 425.9, "ETHEUR": 2765.68, "LTCEUR": 231.55, "XRPEUR": 1.2094, "ADAEUR": 1.7161, "XLMEUR": 0.54893, "DOGEEUR": 0.40212}