{"BTCEUR": 28454.99, "BNBEUR": 267.74, "ETHEUR": 1790.29, "LTCEUR": 113.39, "XRPEUR": 0.5281, "ADAEUR": 1.1319, "XLMEUR": 0.20785, "DOGEEUR": 0.18114}