{"BTCEUR": 29054.49, "BNBEUR": 274.72, "ETHEUR": 1824.36, "LTCEUR": 114.55, "XRPEUR": 0.5403, "ADAEUR": 1.1508, "XLMEUR": 0.20854, "DOGEEUR": 0.18361}