{"BTCEUR": 28205.69, "BNBEUR": 272.21, "ETHEUR": 1767.84, "LTCEUR": 117.75, "XRPEUR": 0.5357, "ADAEUR": 1.124, "XLMEUR": 0.20637, "DOGEEUR": 0.17833}