{"BTCEUR": 33437.27, "BNBEUR": 313.85, "ETHEUR": 2241.45, "LTCEUR": 168.76, "XRPEUR": 0.9316, "ADAEUR": 1.4182, "XLMEUR": 0.39566, "DOGEEUR": 0.32223}