{"BTCEUR": 30569.77, "BNBEUR": 263.43, "ETHEUR": 1939.64, "LTCEUR": 146.11, "XRPEUR": 0.7843, "ADAEUR": 1.2427, "XLMEUR": 0.33128, "DOGEEUR": 0.27706}