{"BTCEUR": 30430.5, "BNBEUR": 304.64, "ETHEUR": 2066.85, "LTCEUR": 188.14, "XRPEUR": 0.9853, "ADAEUR": 1.1902, "XLMEUR": 0.38517, "DOGEEUR": 0.27792}