{"BTCEUR": 28227.0, "BNBEUR": 264.31, "ETHEUR": 1796.0, "LTCEUR": 112.59, "XRPEUR": 0.5309, "ADAEUR": 1.1296, "XLMEUR": 0.20674, "DOGEEUR": 0.18731}