{"BTCEUR": 28520.1, "BNBEUR": 271.05, "ETHEUR": 1795.47, "LTCEUR": 114.13, "XRPEUR": 0.5305, "ADAEUR": 1.1314, "XLMEUR": 0.20547, "DOGEEUR": 0.18089}