{"BTCEUR": 28220.98, "BNBEUR": 265.12, "ETHEUR": 1768.13, "LTCEUR": 111.54, "XRPEUR": 0.5233, "ADAEUR": 1.1244, "XLMEUR": 0.20328, "DOGEEUR": 0.17895}