{"BTCEUR": 27377.23, "BNBEUR": 252.95, "ETHEUR": 1625.01, "LTCEUR": 107.93, "XRPEUR": 0.5133, "ADAEUR": 1.042, "XLMEUR": 0.19198, "DOGEEUR": 0.16491}