{"BTCEUR": 28723.88, "BNBEUR": 269.96, "ETHEUR": 1829.6, "LTCEUR": 114.78, "XRPEUR": 0.5423, "ADAEUR": 1.1461, "XLMEUR": 0.20987, "DOGEEUR": 0.19028}