{"BTCEUR": 28050.24, "BNBEUR": 266.5, "ETHEUR": 1714.41, "LTCEUR": 112.45, "XRPEUR": 0.537, "ADAEUR": 1.1119, "XLMEUR": 0.20313, "DOGEEUR": 0.17313}