{"BTCEUR": 35519.91, "BNBEUR": 420.86, "ETHEUR": 2790.32, "LTCEUR": 241.65, "XRPEUR": 1.2965, "ADAEUR": 1.6695, "XLMEUR": 0.53188, "DOGEEUR": 0.39214}