{"BTCEUR": 30601.78, "BNBEUR": 258.12, "ETHEUR": 1928.87, "LTCEUR": 148.61, "XRPEUR": 0.8388, "ADAEUR": 1.2171, "XLMEUR": 0.35235, "DOGEEUR": 0.26162}