{"BTCEUR": 27568.12, "BNBEUR": 261.58, "ETHEUR": 1673.51, "LTCEUR": 111.1, "XRPEUR": 0.5244, "ADAEUR": 1.0864, "XLMEUR": 0.19844, "DOGEEUR": 0.16984}