{"BTCEUR": 27904.67, "BNBEUR": 267.98, "ETHEUR": 1823.91, "LTCEUR": 112.17, "XRPEUR": 0.5301, "ADAEUR": 1.152, "XLMEUR": 0.20876, "DOGEEUR": 0.17944}