{"BTCEUR": 28589.52, "BNBEUR": 271.99, "ETHEUR": 1803.86, "LTCEUR": 113.37, "XRPEUR": 0.5342, "ADAEUR": 1.1309, "XLMEUR": 0.20603, "DOGEEUR": 0.18193}