{"BTCEUR": 27752.84, "BNBEUR": 264.32, "ETHEUR": 1715.25, "LTCEUR": 112.15, "XRPEUR": 0.5276, "ADAEUR": 1.1026, "XLMEUR": 0.20029, "DOGEEUR": 0.17562}