{"BTCEUR": 37088.65, "BNBEUR": 438.54, "ETHEUR": 2870.19, "LTCEUR": 236.73, "XRPEUR": 1.2414, "ADAEUR": 1.7924, "XLMEUR": 0.57333, "DOGEEUR": 0.41189}