{"BTCEUR": 36803.17, "BNBEUR": 434.97, "ETHEUR": 2832.01, "LTCEUR": 235.5, "XRPEUR": 1.2353, "ADAEUR": 1.7443, "XLMEUR": 0.56015, "DOGEEUR": 0.40976}