{"BTCEUR": 35662.5, "BNBEUR": 416.98, "ETHEUR": 2681.85, "LTCEUR": 222.58, "XRPEUR": 1.2303, "ADAEUR": 1.6255, "XLMEUR": 0.53819, "DOGEEUR": 0.39651}