{"BTCEUR": 27351.45, "BNBEUR": 253.62, "ETHEUR": 1619.12, "LTCEUR": 107.94, "XRPEUR": 0.5128, "ADAEUR": 1.0453, "XLMEUR": 0.19225, "DOGEEUR": 0.16295}