{"BTCEUR": 30717.58, "BNBEUR": 278.31, "ETHEUR": 2041.89, "LTCEUR": 152.03, "XRPEUR": 0.8591, "ADAEUR": 1.2989, "XLMEUR": 0.36539, "DOGEEUR": 0.29622}