{"BTCEUR": 28867.32, "BNBEUR": 279.8, "ETHEUR": 1806.94, "LTCEUR": 116.29, "XRPEUR": 0.5488, "ADAEUR": 1.147, "XLMEUR": 0.21109, "DOGEEUR": 0.18303}