{"BTCEUR": 33462.52, "BNBEUR": 317.93, "ETHEUR": 2255.17, "LTCEUR": 169.11, "XRPEUR": 0.9296, "ADAEUR": 1.4167, "XLMEUR": 0.39553, "DOGEEUR": 0.32324}