{"BTCEUR": 36487.08, "BNBEUR": 428.47, "ETHEUR": 2792.74, "LTCEUR": 233.12, "XRPEUR": 1.2142, "ADAEUR": 1.7289, "XLMEUR": 0.55304, "DOGEEUR": 0.40368}