{"BTCEUR": 31402.49, "BNBEUR": 276.86, "ETHEUR": 2047.52, "LTCEUR": 151.69, "XRPEUR": 0.8221, "ADAEUR": 1.3053, "XLMEUR": 0.34776, "DOGEEUR": 0.29002}