{"BTCEUR": 27967.77, "BNBEUR": 264.23, "ETHEUR": 1703.52, "LTCEUR": 112.31, "XRPEUR": 0.5329, "ADAEUR": 1.0979, "XLMEUR": 0.20156, "DOGEEUR": 0.17147}