{"BTCEUR": 35225.69, "BNBEUR": 417.36, "ETHEUR": 2774.83, "LTCEUR": 242.18, "XRPEUR": 1.3079, "ADAEUR": 1.6454, "XLMEUR": 0.53216, "DOGEEUR": 0.39074}