{"BTCEUR": 32981.49, "BNBEUR": 365.76, "ETHEUR": 2485.42, "LTCEUR": 220.23, "XRPEUR": 1.1963, "ADAEUR": 1.461, "XLMEUR": 0.48093, "DOGEEUR": 0.34624}