{"BTCEUR": 27585.0, "BNBEUR": 262.12, "ETHEUR": 1676.7, "LTCEUR": 111.19, "XRPEUR": 0.5248, "ADAEUR": 1.0855, "XLMEUR": 0.19814, "DOGEEUR": 0.16982}