{"BTCEUR": 27343.54, "BNBEUR": 252.8, "ETHEUR": 1627.1, "LTCEUR": 107.75, "XRPEUR": 0.5143, "ADAEUR": 1.0458, "XLMEUR": 0.19148, "DOGEEUR": 0.16639}