{"BTCEUR": 32816.4, "BNBEUR": 314.91, "ETHEUR": 2217.21, "LTCEUR": 171.77, "XRPEUR": 0.9581, "ADAEUR": 1.4488, "XLMEUR": 0.40731, "DOGEEUR": 0.32383}