{"BTCEUR": 28972.31, "BNBEUR": 276.36, "ETHEUR": 1812.8, "LTCEUR": 114.49, "XRPEUR": 0.5495, "ADAEUR": 1.1436, "XLMEUR": 0.21123, "DOGEEUR": 0.18238}