{"BTCEUR": 27232.01, "BNBEUR": 250.84, "ETHEUR": 1610.34, "LTCEUR": 106.71, "XRPEUR": 0.5095, "ADAEUR": 1.0395, "XLMEUR": 0.19047, "DOGEEUR": 0.16383}