{"BTCEUR": 27855.77, "BNBEUR": 264.9, "ETHEUR": 1693.83, "LTCEUR": 113.99, "XRPEUR": 0.5323, "ADAEUR": 1.0921, "XLMEUR": 0.19971, "DOGEEUR": 0.17232}