{"BTCEUR": 28954.49, "BNBEUR": 280.0, "ETHEUR": 1816.71, "LTCEUR": 115.81, "XRPEUR": 0.5484, "ADAEUR": 1.1505, "XLMEUR": 0.21085, "DOGEEUR": 0.18385}