{"BTCEUR": 37238.88, "BNBEUR": 434.83, "ETHEUR": 2900.32, "LTCEUR": 256.92, "XRPEUR": 1.3672, "ADAEUR": 1.7336, "XLMEUR": 0.56809, "DOGEEUR": 0.41682}