{"BTCEUR": 32784.28, "BNBEUR": 298.18, "ETHEUR": 2204.65, "LTCEUR": 171.15, "XRPEUR": 0.9542, "ADAEUR": 1.4309, "XLMEUR": 0.39905, "DOGEEUR": 0.31964}