{"BTCEUR": 28528.2, "BNBEUR": 270.89, "ETHEUR": 1793.55, "LTCEUR": 113.63, "XRPEUR": 0.5286, "ADAEUR": 1.1326, "XLMEUR": 0.20523, "DOGEEUR": 0.18007}