{"BTCEUR": 33434.86, "BNBEUR": 322.83, "ETHEUR": 2301.11, "LTCEUR": 171.27, "XRPEUR": 0.9529, "ADAEUR": 1.4402, "XLMEUR": 0.40395, "DOGEEUR": 0.32726}