{"BTCEUR": 27544.5, "BNBEUR": 256.64, "ETHEUR": 1747.06, "LTCEUR": 107.63, "XRPEUR": 0.5066, "ADAEUR": 1.099, "XLMEUR": 0.19874, "DOGEEUR": 0.16758}