{"BTCEUR": 30554.32, "BNBEUR": 276.35, "ETHEUR": 1988.06, "LTCEUR": 153.56, "XRPEUR": 0.8696, "ADAEUR": 1.2132, "XLMEUR": 0.36922, "DOGEEUR": 0.26986}