{"BTCEUR": 27619.23, "BNBEUR": 261.18, "ETHEUR": 1702.34, "LTCEUR": 111.68, "XRPEUR": 0.5243, "ADAEUR": 1.0937, "XLMEUR": 0.19968, "DOGEEUR": 0.17289}