{"BTCEUR": 32930.23, "BNBEUR": 357.86, "ETHEUR": 2433.71, "LTCEUR": 220.52, "XRPEUR": 1.2, "ADAEUR": 1.4494, "XLMEUR": 0.47526, "DOGEEUR": 0.34301}