{"BTCEUR": 32909.81, "BNBEUR": 320.75, "ETHEUR": 2305.5, "LTCEUR": 173.29, "XRPEUR": 0.9692, "ADAEUR": 1.4815, "XLMEUR": 0.40637, "DOGEEUR": 0.33242}