{"BTCEUR": 27885.17, "BNBEUR": 262.02, "ETHEUR": 1648.88, "LTCEUR": 111.0, "XRPEUR": 0.5245, "ADAEUR": 1.0741, "XLMEUR": 0.19717, "DOGEEUR": 0.16916}