{"BTCEUR": 37069.5, "BNBEUR": 429.03, "ETHEUR": 2803.97, "LTCEUR": 251.22, "XRPEUR": 1.2614, "ADAEUR": 1.7055, "XLMEUR": 0.53802, "DOGEEUR": 0.40627}