{"BTCEUR": 31772.3, "BNBEUR": 303.03, "ETHEUR": 2168.63, "LTCEUR": 165.3, "XRPEUR": 0.9279, "ADAEUR": 1.4048, "XLMEUR": 0.39107, "DOGEEUR": 0.31051}