{"BTCEUR": 31191.31, "BNBEUR": 267.0, "ETHEUR": 1977.49, "LTCEUR": 152.95, "XRPEUR": 0.8685, "ADAEUR": 1.2451, "XLMEUR": 0.35853, "DOGEEUR": 0.26712}