{"BTCEUR": 37285.45, "BNBEUR": 433.45, "ETHEUR": 2844.4, "LTCEUR": 252.65, "XRPEUR": 1.2607, "ADAEUR": 1.7128, "XLMEUR": 0.54596, "DOGEEUR": 0.40746}