{"BTCEUR": 37425.07, "BNBEUR": 436.01, "ETHEUR": 2914.78, "LTCEUR": 252.8, "XRPEUR": 1.264, "ADAEUR": 1.75, "XLMEUR": 0.55478, "DOGEEUR": 0.41012}