{"BTCEUR": 35727.73, "BNBEUR": 418.17, "ETHEUR": 2714.19, "LTCEUR": 227.42, "XRPEUR": 1.2579, "ADAEUR": 1.7149, "XLMEUR": 0.54961, "DOGEEUR": 0.40008}