{"BTCEUR": 37265.22, "BNBEUR": 434.8, "ETHEUR": 2892.29, "LTCEUR": 251.1, "XRPEUR": 1.255, "ADAEUR": 1.7449, "XLMEUR": 0.55067, "DOGEEUR": 0.40957}