{"BTCEUR": 35650.47, "BNBEUR": 417.5, "ETHEUR": 2695.18, "LTCEUR": 225.7, "XRPEUR": 1.1329, "ADAEUR": 1.7368, "XLMEUR": 0.53307, "DOGEEUR": 0.39244}