{"BTCEUR": 27612.15, "BNBEUR": 262.0, "ETHEUR": 1675.34, "LTCEUR": 111.36, "XRPEUR": 0.5258, "ADAEUR": 1.0827, "XLMEUR": 0.19841, "DOGEEUR": 0.17056}