{"BTCEUR": 32586.54, "BNBEUR": 298.61, "ETHEUR": 2210.75, "LTCEUR": 171.28, "XRPEUR": 0.9631, "ADAEUR": 1.3787, "XLMEUR": 0.39522, "DOGEEUR": 0.30116}