{"BTCEUR": 30539.95, "BNBEUR": 275.87, "ETHEUR": 2014.45, "LTCEUR": 149.92, "XRPEUR": 0.8524, "ADAEUR": 1.2929, "XLMEUR": 0.36296, "DOGEEUR": 0.29329}