{"BTCEUR": 27802.28, "BNBEUR": 264.82, "ETHEUR": 1716.87, "LTCEUR": 111.97, "XRPEUR": 0.5279, "ADAEUR": 1.1041, "XLMEUR": 0.20045, "DOGEEUR": 0.17519}