{"BTCEUR": 36892.5, "BNBEUR": 446.84, "ETHEUR": 2809.51, "LTCEUR": 235.56, "XRPEUR": 1.1572, "ADAEUR": 1.7457, "XLMEUR": 0.56425, "DOGEEUR": 0.40107}