{"BTCEUR": 35975.0, "BNBEUR": 423.56, "ETHEUR": 2702.66, "LTCEUR": 232.11, "XRPEUR": 1.2346, "ADAEUR": 1.6767, "XLMEUR": 0.53809, "DOGEEUR": 0.40018}