{"BTCEUR": 37321.92, "BNBEUR": 434.63, "ETHEUR": 2888.14, "LTCEUR": 259.72, "XRPEUR": 1.3829, "ADAEUR": 1.7403, "XLMEUR": 0.57043, "DOGEEUR": 0.41113}