{"BTCEUR": 27797.64, "BNBEUR": 263.74, "ETHEUR": 1666.22, "LTCEUR": 111.92, "XRPEUR": 0.5275, "ADAEUR": 1.0806, "XLMEUR": 0.19796, "DOGEEUR": 0.17129}