{"BTCEUR": 32639.32, "BNBEUR": 314.42, "ETHEUR": 2256.72, "LTCEUR": 166.17, "XRPEUR": 0.9194, "ADAEUR": 1.3991, "XLMEUR": 0.39182, "DOGEEUR": 0.31458}