{"BTCEUR": 37033.15, "BNBEUR": 427.43, "ETHEUR": 2798.42, "LTCEUR": 246.84, "XRPEUR": 1.2472, "ADAEUR": 1.6948, "XLMEUR": 0.53821, "DOGEEUR": 0.40654}