{"BTCEUR": 32152.77, "BNBEUR": 308.2, "ETHEUR": 2204.76, "LTCEUR": 167.93, "XRPEUR": 0.9443, "ADAEUR": 1.4298, "XLMEUR": 0.39932, "DOGEEUR": 0.31871}