{"BTCEUR": 28603.84, "BNBEUR": 272.1, "ETHEUR": 1801.48, "LTCEUR": 113.11, "XRPEUR": 0.5331, "ADAEUR": 1.1284, "XLMEUR": 0.20612, "DOGEEUR": 0.18227}