{"BTCEUR": 35755.3, "BNBEUR": 423.23, "ETHEUR": 2756.57, "LTCEUR": 227.58, "XRPEUR": 1.2463, "ADAEUR": 1.6735, "XLMEUR": 0.54676, "DOGEEUR": 0.40049}