{"BTCEUR": 27842.45, "BNBEUR": 261.65, "ETHEUR": 1781.67, "LTCEUR": 110.39, "XRPEUR": 0.5193, "ADAEUR": 1.1254, "XLMEUR": 0.20331, "DOGEEUR": 0.19017}