{"BTCEUR": 27885.84, "BNBEUR": 258.37, "ETHEUR": 1641.45, "LTCEUR": 110.28, "XRPEUR": 0.5235, "ADAEUR": 1.0679, "XLMEUR": 0.19473, "DOGEEUR": 0.16625}