{"BTCEUR": 27268.33, "BNBEUR": 251.93, "ETHEUR": 1611.16, "LTCEUR": 107.07, "XRPEUR": 0.5067, "ADAEUR": 1.0418, "XLMEUR": 0.19029, "DOGEEUR": 0.16198}