{"BTCEUR": 32688.74, "BNBEUR": 296.41, "ETHEUR": 2155.96, "LTCEUR": 164.53, "XRPEUR": 0.9441, "ADAEUR": 1.345, "XLMEUR": 0.39339, "DOGEEUR": 0.29157}