{"BTCEUR": 28263.02, "BNBEUR": 265.18, "ETHEUR": 1817.74, "LTCEUR": 113.31, "XRPEUR": 0.535, "ADAEUR": 1.141, "XLMEUR": 0.20799, "DOGEEUR": 0.18486}