{"BTCEUR": 37193.84, "BNBEUR": 433.85, "ETHEUR": 2872.63, "LTCEUR": 257.16, "XRPEUR": 1.3382, "ADAEUR": 1.7477, "XLMEUR": 0.56706, "DOGEEUR": 0.40866}