{"BTCEUR": 33943.32, "BNBEUR": 330.28, "ETHEUR": 2355.06, "LTCEUR": 175.34, "XRPEUR": 0.9645, "ADAEUR": 1.4768, "XLMEUR": 0.40996, "DOGEEUR": 0.33046}