{"BTCEUR": 27780.63, "BNBEUR": 260.45, "ETHEUR": 1772.62, "LTCEUR": 110.01, "XRPEUR": 0.5188, "ADAEUR": 1.1201, "XLMEUR": 0.20125, "DOGEEUR": 0.19127}