{"BTCEUR": 28435.7, "BNBEUR": 264.17, "ETHEUR": 1788.04, "LTCEUR": 112.13, "XRPEUR": 0.5272, "ADAEUR": 1.1289, "XLMEUR": 0.20436, "DOGEEUR": 0.18344}