{"BTCEUR": 28720.39, "BNBEUR": 273.01, "ETHEUR": 1797.73, "LTCEUR": 113.04, "XRPEUR": 0.538, "ADAEUR": 1.1337, "XLMEUR": 0.20803, "DOGEEUR": 0.18105}