{"BTCEUR": 32442.07, "BNBEUR": 289.75, "ETHEUR": 2092.97, "LTCEUR": 163.08, "XRPEUR": 0.9366, "ADAEUR": 1.2891, "XLMEUR": 0.38101, "DOGEEUR": 0.28774}