{"BTCEUR": 30646.94, "BNBEUR": 265.86, "ETHEUR": 1985.93, "LTCEUR": 145.9, "XRPEUR": 0.8163, "ADAEUR": 1.2668, "XLMEUR": 0.33867, "DOGEEUR": 0.29083}