{"BTCEUR": 27841.4, "BNBEUR": 257.73, "ETHEUR": 1640.84, "LTCEUR": 110.28, "XRPEUR": 0.5225, "ADAEUR": 1.0635, "XLMEUR": 0.19558, "DOGEEUR": 0.16675}