{"BTCEUR": 35970.31, "BNBEUR": 424.57, "ETHEUR": 2763.43, "LTCEUR": 227.14, "XRPEUR": 1.2516, "ADAEUR": 1.6832, "XLMEUR": 0.54899, "DOGEEUR": 0.40083}