{"BTCEUR": 28099.37, "BNBEUR": 265.83, "ETHEUR": 1711.58, "LTCEUR": 112.44, "XRPEUR": 0.5385, "ADAEUR": 1.1097, "XLMEUR": 0.20173, "DOGEEUR": 0.17358}