{"BTCEUR": 27770.52, "BNBEUR": 261.78, "ETHEUR": 1791.81, "LTCEUR": 110.55, "XRPEUR": 0.5225, "ADAEUR": 1.125, "XLMEUR": 0.20118, "DOGEEUR": 0.17276}