{"BTCEUR": 37065.12, "BNBEUR": 431.56, "ETHEUR": 2874.13, "LTCEUR": 250.98, "XRPEUR": 1.2571, "ADAEUR": 1.7221, "XLMEUR": 0.54042, "DOGEEUR": 0.40461}