{"BTCEUR": 37594.28, "BNBEUR": 455.11, "ETHEUR": 2839.96, "LTCEUR": 239.58, "XRPEUR": 1.152, "ADAEUR": 1.7337, "XLMEUR": 0.56981, "DOGEEUR": 0.41992}