{"BTCEUR": 33462.45, "BNBEUR": 323.23, "ETHEUR": 2298.65, "LTCEUR": 171.38, "XRPEUR": 0.9504, "ADAEUR": 1.4426, "XLMEUR": 0.40299, "DOGEEUR": 0.32774}