{"BTCEUR": 28363.92, "BNBEUR": 267.31, "ETHEUR": 1777.41, "LTCEUR": 113.15, "XRPEUR": 0.5268, "ADAEUR": 1.1284, "XLMEUR": 0.20643, "DOGEEUR": 0.17931}