{"BTCEUR": 36466.15, "BNBEUR": 427.98, "ETHEUR": 2775.57, "LTCEUR": 232.23, "XRPEUR": 1.2206, "ADAEUR": 1.7228, "XLMEUR": 0.55188, "DOGEEUR": 0.40383}