{"BTCEUR": 28385.76, "BNBEUR": 267.65, "ETHEUR": 1786.37, "LTCEUR": 113.57, "XRPEUR": 0.5288, "ADAEUR": 1.1317, "XLMEUR": 0.20667, "DOGEEUR": 0.18016}