{"BTCEUR": 36841.85, "BNBEUR": 424.91, "ETHEUR": 2781.61, "LTCEUR": 244.55, "XRPEUR": 1.2368, "ADAEUR": 1.6767, "XLMEUR": 0.53312, "DOGEEUR": 0.40483}