{"BTCEUR": 35177.9, "BNBEUR": 419.64, "ETHEUR": 2756.03, "LTCEUR": 241.21, "XRPEUR": 1.2819, "ADAEUR": 1.6662, "XLMEUR": 0.52663, "DOGEEUR": 0.39002}