{"BTCEUR": 28573.62, "BNBEUR": 267.36, "ETHEUR": 1790.65, "LTCEUR": 112.21, "XRPEUR": 0.527, "ADAEUR": 1.1257, "XLMEUR": 0.20613, "DOGEEUR": 0.18206}