{"BTCEUR": 28186.47, "BNBEUR": 264.35, "ETHEUR": 1761.06, "LTCEUR": 111.9, "XRPEUR": 0.5219, "ADAEUR": 1.1187, "XLMEUR": 0.20347, "DOGEEUR": 0.17848}