{"BTCEUR": 39672.78, "BNBEUR": 478.64, "ETHEUR": 3025.88, "LTCEUR": 252.23, "XRPEUR": 1.2276, "ADAEUR": 1.8938, "XLMEUR": 0.61022, "DOGEEUR": 0.42233}