{"BTCEUR": 28992.37, "BNBEUR": 281.2, "ETHEUR": 1820.22, "LTCEUR": 116.49, "XRPEUR": 0.5503, "ADAEUR": 1.1575, "XLMEUR": 0.21136, "DOGEEUR": 0.18422}