{"BTCEUR": 34910.83, "BNBEUR": 413.04, "ETHEUR": 2738.32, "LTCEUR": 236.79, "XRPEUR": 1.2979, "ADAEUR": 1.6071, "XLMEUR": 0.52471, "DOGEEUR": 0.38288}