{"BTCEUR": 37174.58, "BNBEUR": 433.72, "ETHEUR": 2898.9, "LTCEUR": 250.63, "XRPEUR": 1.2563, "ADAEUR": 1.7296, "XLMEUR": 0.55016, "DOGEEUR": 0.40838}