{"BTCEUR": 27808.91, "BNBEUR": 261.04, "ETHEUR": 1775.03, "LTCEUR": 110.28, "XRPEUR": 0.5183, "ADAEUR": 1.1222, "XLMEUR": 0.20198, "DOGEEUR": 0.18952}