{"BTCEUR": 35252.42, "BNBEUR": 413.56, "ETHEUR": 2652.82, "LTCEUR": 220.03, "XRPEUR": 1.2277, "ADAEUR": 1.6231, "XLMEUR": 0.53558, "DOGEEUR": 0.39443}