{"BTCEUR": 37580.01, "BNBEUR": 454.5, "ETHEUR": 2893.36, "LTCEUR": 239.24, "XRPEUR": 1.1764, "ADAEUR": 1.8215, "XLMEUR": 0.58065, "DOGEEUR": 0.41505}