{"BTCEUR": 28030.8, "BNBEUR": 265.82, "ETHEUR": 1712.1, "LTCEUR": 112.35, "XRPEUR": 0.5373, "ADAEUR": 1.1105, "XLMEUR": 0.20308, "DOGEEUR": 0.17315}