{"BTCEUR": 37055.63, "BNBEUR": 440.7, "ETHEUR": 2878.42, "LTCEUR": 238.18, "XRPEUR": 1.1966, "ADAEUR": 1.8215, "XLMEUR": 0.56821, "DOGEEUR": 0.41489}