{"BTCEUR": 30451.49, "BNBEUR": 263.35, "ETHEUR": 1967.15, "LTCEUR": 146.62, "XRPEUR": 0.8092, "ADAEUR": 1.2558, "XLMEUR": 0.34067, "DOGEEUR": 0.29146}