{"BTCEUR": 33606.55, "BNBEUR": 390.46, "ETHEUR": 2607.96, "LTCEUR": 228.59, "XRPEUR": 1.245, "ADAEUR": 1.5398, "XLMEUR": 0.50346, "DOGEEUR": 0.36428}