{"BTCEUR": 27642.01, "BNBEUR": 258.33, "ETHEUR": 1748.29, "LTCEUR": 108.27, "XRPEUR": 0.5135, "ADAEUR": 1.1121, "XLMEUR": 0.19821, "DOGEEUR": 0.18211}