{"BTCEUR": 36605.41, "BNBEUR": 432.45, "ETHEUR": 2765.57, "LTCEUR": 240.98, "XRPEUR": 1.2462, "ADAEUR": 1.7003, "XLMEUR": 0.53922, "DOGEEUR": 0.40387}