{"BTCEUR": 30424.26, "BNBEUR": 274.29, "ETHEUR": 2023.03, "LTCEUR": 149.03, "XRPEUR": 0.841, "ADAEUR": 1.2848, "XLMEUR": 0.35721, "DOGEEUR": 0.29352}