{"BTCEUR": 28550.72, "BNBEUR": 265.03, "ETHEUR": 1783.38, "LTCEUR": 111.96, "XRPEUR": 0.5265, "ADAEUR": 1.1249, "XLMEUR": 0.20405, "DOGEEUR": 0.18293}