{"BTCEUR": 27684.01, "BNBEUR": 260.97, "ETHEUR": 1675.01, "LTCEUR": 109.94, "XRPEUR": 0.5222, "ADAEUR": 1.0892, "XLMEUR": 0.19638, "DOGEEUR": 0.17017}