{"BTCEUR": 33002.01, "BNBEUR": 300.91, "ETHEUR": 2213.31, "LTCEUR": 172.01, "XRPEUR": 0.9617, "ADAEUR": 1.4017, "XLMEUR": 0.39664, "DOGEEUR": 0.31782}