{"BTCEUR": 28390.71, "BNBEUR": 263.38, "ETHEUR": 1771.69, "LTCEUR": 111.12, "XRPEUR": 0.5239, "ADAEUR": 1.1236, "XLMEUR": 0.20321, "DOGEEUR": 0.18115}