{"BTCEUR": 36288.53, "BNBEUR": 426.73, "ETHEUR": 2766.59, "LTCEUR": 230.15, "XRPEUR": 1.2533, "ADAEUR": 1.7064, "XLMEUR": 0.55356, "DOGEEUR": 0.40496}