{"BTCEUR": 29016.99, "BNBEUR": 281.48, "ETHEUR": 1820.4, "LTCEUR": 116.2, "XRPEUR": 0.5527, "ADAEUR": 1.1558, "XLMEUR": 0.21193, "DOGEEUR": 0.18411}