{"BTCEUR": 37548.15, "BNBEUR": 443.74, "ETHEUR": 2907.73, "LTCEUR": 240.29, "XRPEUR": 1.2774, "ADAEUR": 1.8097, "XLMEUR": 0.57864, "DOGEEUR": 0.41376}