{"BTCEUR": 37120.66, "BNBEUR": 438.3, "ETHEUR": 2869.0, "LTCEUR": 236.5, "XRPEUR": 1.2466, "ADAEUR": 1.7838, "XLMEUR": 0.57354, "DOGEEUR": 0.41143}