{"BTCEUR": 32597.83, "BNBEUR": 315.42, "ETHEUR": 2238.43, "LTCEUR": 166.89, "XRPEUR": 0.92, "ADAEUR": 1.4079, "XLMEUR": 0.38753, "DOGEEUR": 0.31846}