{"BTCEUR": 29996.92, "BNBEUR": 250.44, "ETHEUR": 1880.51, "LTCEUR": 147.35, "XRPEUR": 0.821, "ADAEUR": 1.1672, "XLMEUR": 0.34734, "DOGEEUR": 0.25756}