{"BTCEUR": 28215.62, "BNBEUR": 272.64, "ETHEUR": 1769.8, "LTCEUR": 115.35, "XRPEUR": 0.5354, "ADAEUR": 1.1267, "XLMEUR": 0.20549, "DOGEEUR": 0.17775}