{"BTCEUR": 28140.78, "BNBEUR": 266.05, "ETHEUR": 1718.0, "LTCEUR": 112.82, "XRPEUR": 0.5356, "ADAEUR": 1.0997, "XLMEUR": 0.20363, "DOGEEUR": 0.17316}