{"BTCEUR": 27797.25, "BNBEUR": 261.94, "ETHEUR": 1792.95, "LTCEUR": 110.85, "XRPEUR": 0.5229, "ADAEUR": 1.1268, "XLMEUR": 0.20159, "DOGEEUR": 0.18061}