{"BTCEUR": 28426.55, "BNBEUR": 266.61, "ETHEUR": 1800.74, "LTCEUR": 112.49, "XRPEUR": 0.5339, "ADAEUR": 1.1309, "XLMEUR": 0.20644, "DOGEEUR": 0.18681}