{"BTCEUR": 28044.79, "BNBEUR": 268.29, "ETHEUR": 1730.3, "LTCEUR": 115.15, "XRPEUR": 0.5298, "ADAEUR": 1.1109, "XLMEUR": 0.20252, "DOGEEUR": 0.17522}