{"BTCEUR": 28114.28, "BNBEUR": 263.82, "ETHEUR": 1793.82, "LTCEUR": 112.39, "XRPEUR": 0.5307, "ADAEUR": 1.1298, "XLMEUR": 0.20767, "DOGEEUR": 0.18452}