{"BTCEUR": 37165.57, "BNBEUR": 442.7, "ETHEUR": 2897.34, "LTCEUR": 237.89, "XRPEUR": 1.2252, "ADAEUR": 1.8014, "XLMEUR": 0.56677, "DOGEEUR": 0.41744}