{"BTCEUR": 36933.26, "BNBEUR": 429.3, "ETHEUR": 2867.0, "LTCEUR": 248.73, "XRPEUR": 1.2385, "ADAEUR": 1.7128, "XLMEUR": 0.54056, "DOGEEUR": 0.40487}