{"BTCEUR": 28855.49, "BNBEUR": 275.04, "ETHEUR": 1806.38, "LTCEUR": 114.15, "XRPEUR": 0.5455, "ADAEUR": 1.1396, "XLMEUR": 0.20913, "DOGEEUR": 0.18199}