{"BTCEUR": 27980.12, "BNBEUR": 266.92, "ETHEUR": 1712.53, "LTCEUR": 112.53, "XRPEUR": 0.5306, "ADAEUR": 1.1034, "XLMEUR": 0.20107, "DOGEEUR": 0.17314}