{"BTCEUR": 33409.43, "BNBEUR": 322.42, "ETHEUR": 2282.71, "LTCEUR": 174.0, "XRPEUR": 0.9706, "ADAEUR": 1.4848, "XLMEUR": 0.40777, "DOGEEUR": 0.32888}