{"BTCEUR": 28170.85, "BNBEUR": 264.59, "ETHEUR": 1801.57, "LTCEUR": 112.85, "XRPEUR": 0.5337, "ADAEUR": 1.1326, "XLMEUR": 0.20852, "DOGEEUR": 0.18498}