{"BTCEUR": 32436.06, "BNBEUR": 296.78, "ETHEUR": 2164.57, "LTCEUR": 170.08, "XRPEUR": 0.9471, "ADAEUR": 1.3621, "XLMEUR": 0.39434, "DOGEEUR": 0.29532}