{"BTCEUR": 28401.16, "BNBEUR": 263.59, "ETHEUR": 1782.67, "LTCEUR": 111.85, "XRPEUR": 0.5257, "ADAEUR": 1.1286, "XLMEUR": 0.20394, "DOGEEUR": 0.18317}