{"BTCEUR": 33007.03, "BNBEUR": 313.86, "ETHEUR": 2243.04, "LTCEUR": 168.46, "XRPEUR": 0.9295, "ADAEUR": 1.422, "XLMEUR": 0.39308, "DOGEEUR": 0.32114}