{"BTCEUR": 29890.49, "BNBEUR": 262.13, "ETHEUR": 1951.53, "LTCEUR": 145.1, "XRPEUR": 0.8192, "ADAEUR": 1.231, "XLMEUR": 0.34321, "DOGEEUR": 0.28377}