{"BTCEUR": 30886.1, "BNBEUR": 269.33, "ETHEUR": 2006.28, "LTCEUR": 149.07, "XRPEUR": 0.817, "ADAEUR": 1.2859, "XLMEUR": 0.34318, "DOGEEUR": 0.29066}