{"BTCEUR": 33354.3, "BNBEUR": 360.2, "ETHEUR": 2449.86, "LTCEUR": 222.85, "XRPEUR": 1.2109, "ADAEUR": 1.467, "XLMEUR": 0.47863, "DOGEEUR": 0.34721}