{"BTCEUR": 28233.9, "BNBEUR": 265.14, "ETHEUR": 1779.0, "LTCEUR": 112.54, "XRPEUR": 0.5259, "ADAEUR": 1.1291, "XLMEUR": 0.20437, "DOGEEUR": 0.17936}