{"BTCEUR": 28289.11, "BNBEUR": 266.14, "ETHEUR": 1781.25, "LTCEUR": 112.45, "XRPEUR": 0.5255, "ADAEUR": 1.1251, "XLMEUR": 0.20458, "DOGEEUR": 0.17976}