{"BTCEUR": 28341.44, "BNBEUR": 272.3, "ETHEUR": 1777.3, "LTCEUR": 115.16, "XRPEUR": 0.5366, "ADAEUR": 1.1285, "XLMEUR": 0.20582, "DOGEEUR": 0.17915}