{"BTCEUR": 37157.51, "BNBEUR": 428.73, "ETHEUR": 2796.69, "LTCEUR": 250.87, "XRPEUR": 1.2482, "ADAEUR": 1.6913, "XLMEUR": 0.53568, "DOGEEUR": 0.40388}