{"BTCEUR": 27943.05, "BNBEUR": 266.63, "ETHEUR": 1711.19, "LTCEUR": 112.65, "XRPEUR": 0.5308, "ADAEUR": 1.1039, "XLMEUR": 0.20075, "DOGEEUR": 0.17257}