{"BTCEUR": 28298.33, "BNBEUR": 271.75, "ETHEUR": 1777.63, "LTCEUR": 115.0, "XRPEUR": 0.535, "ADAEUR": 1.1276, "XLMEUR": 0.20568, "DOGEEUR": 0.17912}