{"BTCEUR": 28613.02, "BNBEUR": 274.04, "ETHEUR": 1808.58, "LTCEUR": 113.96, "XRPEUR": 0.5309, "ADAEUR": 1.1349, "XLMEUR": 0.20686, "DOGEEUR": 0.18193}