{"BTCEUR": 30648.49, "BNBEUR": 276.78, "ETHEUR": 2033.36, "LTCEUR": 150.71, "XRPEUR": 0.8464, "ADAEUR": 1.2896, "XLMEUR": 0.36152, "DOGEEUR": 0.29344}