{"BTCEUR": 33481.19, "BNBEUR": 339.03, "ETHEUR": 2412.54, "LTCEUR": 185.36, "XRPEUR": 1.0671, "ADAEUR": 1.5218, "XLMEUR": 0.42841, "DOGEEUR": 0.32829}