{"BTCEUR": 28857.5, "BNBEUR": 271.05, "ETHEUR": 1803.12, "LTCEUR": 112.93, "XRPEUR": 0.5356, "ADAEUR": 1.1347, "XLMEUR": 0.20612, "DOGEEUR": 0.18182}