{"BTCEUR": 28430.4, "BNBEUR": 268.6, "ETHEUR": 1788.54, "LTCEUR": 113.57, "XRPEUR": 0.5259, "ADAEUR": 1.1305, "XLMEUR": 0.20447, "DOGEEUR": 0.17961}