{"BTCEUR": 27975.74, "BNBEUR": 267.74, "ETHEUR": 1718.23, "LTCEUR": 113.39, "XRPEUR": 0.5328, "ADAEUR": 1.1105, "XLMEUR": 0.20272, "DOGEEUR": 0.17562}