{"BTCEUR": 27866.4, "BNBEUR": 263.08, "ETHEUR": 1664.26, "LTCEUR": 112.19, "XRPEUR": 0.5293, "ADAEUR": 1.08, "XLMEUR": 0.19719, "DOGEEUR": 0.17084}