{"BTCEUR": 35807.42, "BNBEUR": 420.11, "ETHEUR": 2698.3, "LTCEUR": 224.62, "XRPEUR": 1.1193, "ADAEUR": 1.7224, "XLMEUR": 0.52718, "DOGEEUR": 0.39287}