{"BTCEUR": 27793.49, "BNBEUR": 261.6, "ETHEUR": 1789.98, "LTCEUR": 110.84, "XRPEUR": 0.522, "ADAEUR": 1.1243, "XLMEUR": 0.20096, "DOGEEUR": 0.18023}