{"BTCEUR": 28636.62, "BNBEUR": 268.78, "ETHEUR": 1823.47, "LTCEUR": 114.11, "XRPEUR": 0.5395, "ADAEUR": 1.143, "XLMEUR": 0.20873, "DOGEEUR": 0.18612}