{"BTCEUR": 32841.43, "BNBEUR": 315.35, "ETHEUR": 2269.02, "LTCEUR": 172.1, "XRPEUR": 0.9561, "ADAEUR": 1.4815, "XLMEUR": 0.39953, "DOGEEUR": 0.32534}