{"BTCEUR": 35919.72, "BNBEUR": 421.41, "ETHEUR": 2798.7, "LTCEUR": 250.66, "XRPEUR": 1.3247, "ADAEUR": 1.6705, "XLMEUR": 0.54369, "DOGEEUR": 0.39851}