{"BTCEUR": 27787.11, "BNBEUR": 263.37, "ETHEUR": 1703.99, "LTCEUR": 113.13, "XRPEUR": 0.5243, "ADAEUR": 1.0992, "XLMEUR": 0.20045, "DOGEEUR": 0.17368}