{"BTCEUR": 37318.02, "BNBEUR": 436.09, "ETHEUR": 2913.47, "LTCEUR": 251.3, "XRPEUR": 1.2575, "ADAEUR": 1.7392, "XLMEUR": 0.55191, "DOGEEUR": 0.40796}