{"BTCEUR": 27880.19, "BNBEUR": 264.51, "ETHEUR": 1692.59, "LTCEUR": 113.68, "XRPEUR": 0.5313, "ADAEUR": 1.0947, "XLMEUR": 0.20043, "DOGEEUR": 0.17292}