{"BTCEUR": 28295.55, "BNBEUR": 266.34, "ETHEUR": 1783.07, "LTCEUR": 113.0, "XRPEUR": 0.5269, "ADAEUR": 1.1272, "XLMEUR": 0.20628, "DOGEEUR": 0.17999}