{"BTCEUR": 28118.49, "BNBEUR": 263.56, "ETHEUR": 1792.96, "LTCEUR": 112.37, "XRPEUR": 0.5286, "ADAEUR": 1.1281, "XLMEUR": 0.20762, "DOGEEUR": 0.18423}