{"BTCEUR": 36519.24, "BNBEUR": 429.64, "ETHEUR": 2805.58, "LTCEUR": 233.46, "XRPEUR": 1.1567, "ADAEUR": 1.7682, "XLMEUR": 0.55068, "DOGEEUR": 0.40046}