{"BTCEUR": 31606.88, "BNBEUR": 309.66, "ETHEUR": 2170.53, "LTCEUR": 168.29, "XRPEUR": 0.978, "ADAEUR": 1.3565, "XLMEUR": 0.38765, "DOGEEUR": 0.29622}