{"BTCEUR": 34607.54, "BNBEUR": 338.65, "ETHEUR": 2428.15, "LTCEUR": 183.33, "XRPEUR": 1.0256, "ADAEUR": 1.5544, "XLMEUR": 0.42884, "DOGEEUR": 0.34563}