{"BTCEUR": 27754.9, "BNBEUR": 260.64, "ETHEUR": 1774.82, "LTCEUR": 109.99, "XRPEUR": 0.5198, "ADAEUR": 1.119, "XLMEUR": 0.20053, "DOGEEUR": 0.18525}