{"BTCEUR": 40220.85, "BNBEUR": 489.78, "ETHEUR": 3069.7, "LTCEUR": 259.12, "XRPEUR": 1.2668, "ADAEUR": 1.9425, "XLMEUR": 0.62875, "DOGEEUR": 0.42968}