{"BTCEUR": 35166.8, "BNBEUR": 419.5, "ETHEUR": 2761.84, "LTCEUR": 244.88, "XRPEUR": 1.2818, "ADAEUR": 1.675, "XLMEUR": 0.53053, "DOGEEUR": 0.39025}