{"BTCEUR": 32777.58, "BNBEUR": 328.54, "ETHEUR": 2307.7, "LTCEUR": 175.97, "XRPEUR": 1.0384, "ADAEUR": 1.4689, "XLMEUR": 0.41272, "DOGEEUR": 0.31658}