{"BTCEUR": 33903.58, "BNBEUR": 327.91, "ETHEUR": 2345.88, "LTCEUR": 174.54, "XRPEUR": 0.9607, "ADAEUR": 1.4637, "XLMEUR": 0.40426, "DOGEEUR": 0.32847}