{"BTCEUR": 36816.29, "BNBEUR": 428.29, "ETHEUR": 2849.67, "LTCEUR": 249.56, "XRPEUR": 1.2793, "ADAEUR": 1.709, "XLMEUR": 0.55434, "DOGEEUR": 0.40341}