{"BTCEUR": 35575.28, "BNBEUR": 414.53, "ETHEUR": 2716.02, "LTCEUR": 227.21, "XRPEUR": 1.1307, "ADAEUR": 1.7316, "XLMEUR": 0.53681, "DOGEEUR": 0.39603}