{"BTCEUR": 36230.84, "BNBEUR": 424.0, "ETHEUR": 2756.7, "LTCEUR": 229.53, "XRPEUR": 1.2128, "ADAEUR": 1.7044, "XLMEUR": 0.54858, "DOGEEUR": 0.40079}