{"BTCEUR": 36714.36, "BNBEUR": 433.11, "ETHEUR": 2831.03, "LTCEUR": 234.36, "XRPEUR": 1.1694, "ADAEUR": 1.7827, "XLMEUR": 0.55812, "DOGEEUR": 0.40512}