{"BTCEUR": 33344.92, "BNBEUR": 373.95, "ETHEUR": 2549.0, "LTCEUR": 225.0, "XRPEUR": 1.2279, "ADAEUR": 1.5104, "XLMEUR": 0.49067, "DOGEEUR": 0.35574}