{"BTCEUR": 28263.64, "BNBEUR": 265.96, "ETHEUR": 1775.07, "LTCEUR": 111.55, "XRPEUR": 0.5226, "ADAEUR": 1.1236, "XLMEUR": 0.20344, "DOGEEUR": 0.17959}