{"BTCEUR": 34144.91, "BNBEUR": 334.37, "ETHEUR": 2385.64, "LTCEUR": 177.22, "XRPEUR": 0.9799, "ADAEUR": 1.499, "XLMEUR": 0.41409, "DOGEEUR": 0.33316}