{"BTCEUR": 32399.94, "BNBEUR": 318.65, "ETHEUR": 2183.47, "LTCEUR": 170.12, "XRPEUR": 0.9593, "ADAEUR": 1.3308, "XLMEUR": 0.40291, "DOGEEUR": 0.29993}