{"BTCEUR": 28139.14, "BNBEUR": 264.36, "ETHEUR": 1802.97, "LTCEUR": 112.72, "XRPEUR": 0.5308, "ADAEUR": 1.1387, "XLMEUR": 0.20697, "DOGEEUR": 0.18808}