{"BTCEUR": 28081.52, "BNBEUR": 265.92, "ETHEUR": 1710.35, "LTCEUR": 111.71, "XRPEUR": 0.5291, "ADAEUR": 1.0911, "XLMEUR": 0.20445, "DOGEEUR": 0.17121}