{"BTCEUR": 28629.89, "BNBEUR": 273.1, "ETHEUR": 1804.16, "LTCEUR": 114.26, "XRPEUR": 0.531, "ADAEUR": 1.1347, "XLMEUR": 0.20694, "DOGEEUR": 0.18208}