{"BTCEUR": 29997.41, "BNBEUR": 260.05, "ETHEUR": 1975.6, "LTCEUR": 145.45, "XRPEUR": 0.8264, "ADAEUR": 1.248, "XLMEUR": 0.34969, "DOGEEUR": 0.28781}