{"BTCEUR": 35180.41, "BNBEUR": 419.91, "ETHEUR": 2763.64, "LTCEUR": 241.46, "XRPEUR": 1.2819, "ADAEUR": 1.668, "XLMEUR": 0.52727, "DOGEEUR": 0.39148}