{"BTCEUR": 27611.07, "BNBEUR": 259.78, "ETHEUR": 1771.37, "LTCEUR": 110.61, "XRPEUR": 0.5222, "ADAEUR": 1.1124, "XLMEUR": 0.20266, "DOGEEUR": 0.17234}