{"BTCEUR": 28066.83, "BNBEUR": 266.13, "ETHEUR": 1710.57, "LTCEUR": 112.49, "XRPEUR": 0.5355, "ADAEUR": 1.1131, "XLMEUR": 0.20361, "DOGEEUR": 0.17286}