{"BTCEUR": 27782.61, "BNBEUR": 259.44, "ETHEUR": 1669.17, "LTCEUR": 109.76, "XRPEUR": 0.5206, "ADAEUR": 1.072, "XLMEUR": 0.19709, "DOGEEUR": 0.16795}