{"BTCEUR": 28385.8, "BNBEUR": 264.02, "ETHEUR": 1785.84, "LTCEUR": 112.02, "XRPEUR": 0.5262, "ADAEUR": 1.1295, "XLMEUR": 0.20394, "DOGEEUR": 0.18327}