{"BTCEUR": 32578.5, "BNBEUR": 316.16, "ETHEUR": 2267.0, "LTCEUR": 171.44, "XRPEUR": 0.9612, "ADAEUR": 1.4646, "XLMEUR": 0.40424, "DOGEEUR": 0.33204}