{"BTCEUR": 30068.68, "BNBEUR": 259.18, "ETHEUR": 1960.09, "LTCEUR": 144.35, "XRPEUR": 0.8036, "ADAEUR": 1.2417, "XLMEUR": 0.34068, "DOGEEUR": 0.28889}