{"BTCEUR": 34952.99, "BNBEUR": 414.5, "ETHEUR": 2749.18, "LTCEUR": 238.31, "XRPEUR": 1.2892, "ADAEUR": 1.6373, "XLMEUR": 0.52602, "DOGEEUR": 0.39026}