{"BTCEUR": 28261.98, "BNBEUR": 272.8, "ETHEUR": 1773.07, "LTCEUR": 115.45, "XRPEUR": 0.5351, "ADAEUR": 1.1254, "XLMEUR": 0.20552, "DOGEEUR": 0.17832}