{"BTCEUR": 35494.51, "BNBEUR": 420.71, "ETHEUR": 2806.66, "LTCEUR": 242.47, "XRPEUR": 1.3128, "ADAEUR": 1.6617, "XLMEUR": 0.53458, "DOGEEUR": 0.39162}