{"BTCEUR": 28185.86, "BNBEUR": 264.06, "ETHEUR": 1793.11, "LTCEUR": 112.55, "XRPEUR": 0.5299, "ADAEUR": 1.1303, "XLMEUR": 0.20697, "DOGEEUR": 0.18496}