{"BTCEUR": 38864.77, "BNBEUR": 469.78, "ETHEUR": 2937.98, "LTCEUR": 247.26, "XRPEUR": 1.2057, "ADAEUR": 1.8315, "XLMEUR": 0.59126, "DOGEEUR": 0.41931}