{"BTCEUR": 33127.35, "BNBEUR": 305.39, "ETHEUR": 2223.19, "LTCEUR": 174.41, "XRPEUR": 0.9604, "ADAEUR": 1.377, "XLMEUR": 0.40214, "DOGEEUR": 0.30597}