{"BTCEUR": 27579.29, "BNBEUR": 260.34, "ETHEUR": 1672.71, "LTCEUR": 110.66, "XRPEUR": 0.5258, "ADAEUR": 1.0846, "XLMEUR": 0.19892, "DOGEEUR": 0.17003}