{"BTCEUR": 39727.95, "BNBEUR": 477.09, "ETHEUR": 3036.55, "LTCEUR": 252.15, "XRPEUR": 1.2308, "ADAEUR": 1.8991, "XLMEUR": 0.61627, "DOGEEUR": 0.42336}