{"BTCEUR": 31936.62, "BNBEUR": 307.78, "ETHEUR": 2127.93, "LTCEUR": 165.49, "XRPEUR": 0.9403, "ADAEUR": 1.2778, "XLMEUR": 0.39331, "DOGEEUR": 0.28981}