{"BTCEUR": 36052.42, "BNBEUR": 421.39, "ETHEUR": 2796.11, "LTCEUR": 249.79, "XRPEUR": 1.3168, "ADAEUR": 1.6628, "XLMEUR": 0.54255, "DOGEEUR": 0.39766}