{"BTCEUR": 37055.88, "BNBEUR": 446.82, "ETHEUR": 2817.5, "LTCEUR": 234.59, "XRPEUR": 1.1578, "ADAEUR": 1.7818, "XLMEUR": 0.55595, "DOGEEUR": 0.41097}