{"BTCEUR": 28535.4, "BNBEUR": 265.57, "ETHEUR": 1781.87, "LTCEUR": 111.97, "XRPEUR": 0.5256, "ADAEUR": 1.1231, "XLMEUR": 0.20513, "DOGEEUR": 0.18196}