{"BTCEUR": 33069.96, "BNBEUR": 321.0, "ETHEUR": 2271.25, "LTCEUR": 169.67, "XRPEUR": 0.9345, "ADAEUR": 1.4291, "XLMEUR": 0.39309, "DOGEEUR": 0.32328}