{"BTCEUR": 35832.53, "BNBEUR": 425.84, "ETHEUR": 2816.13, "LTCEUR": 254.2, "XRPEUR": 1.2949, "ADAEUR": 1.6796, "XLMEUR": 0.53858, "DOGEEUR": 0.39486}