{"BTCEUR": 35181.8, "BNBEUR": 419.17, "ETHEUR": 2756.97, "LTCEUR": 241.56, "XRPEUR": 1.2838, "ADAEUR": 1.663, "XLMEUR": 0.52514, "DOGEEUR": 0.39072}