{"BTCEUR": 27823.83, "BNBEUR": 262.18, "ETHEUR": 1795.08, "LTCEUR": 110.97, "XRPEUR": 0.5237, "ADAEUR": 1.123, "XLMEUR": 0.20134, "DOGEEUR": 0.17288}