{"BTCEUR": 38085.7, "BNBEUR": 460.46, "ETHEUR": 2927.08, "LTCEUR": 240.84, "XRPEUR": 1.1789, "ADAEUR": 1.8925, "XLMEUR": 0.57901, "DOGEEUR": 0.41941}