{"BTCEUR": 27563.71, "BNBEUR": 259.15, "ETHEUR": 1776.48, "LTCEUR": 110.25, "XRPEUR": 0.52, "ADAEUR": 1.1252, "XLMEUR": 0.20369, "DOGEEUR": 0.17358}