{"BTCEUR": 30423.87, "BNBEUR": 252.97, "ETHEUR": 1903.35, "LTCEUR": 148.55, "XRPEUR": 0.8309, "ADAEUR": 1.2022, "XLMEUR": 0.34977, "DOGEEUR": 0.25884}