{"BTCEUR": 35663.47, "BNBEUR": 421.07, "ETHEUR": 2810.0, "LTCEUR": 244.42, "XRPEUR": 1.329, "ADAEUR": 1.6519, "XLMEUR": 0.53775, "DOGEEUR": 0.39316}