{"BTCEUR": 33446.43, "BNBEUR": 325.37, "ETHEUR": 2326.52, "LTCEUR": 174.24, "XRPEUR": 0.992, "ADAEUR": 1.518, "XLMEUR": 0.40764, "DOGEEUR": 0.33866}