{"BTCEUR": 27867.07, "BNBEUR": 263.35, "ETHEUR": 1695.26, "LTCEUR": 111.11, "XRPEUR": 0.53, "ADAEUR": 1.0977, "XLMEUR": 0.19995, "DOGEEUR": 0.17201}