{"BTCEUR": 28541.15, "BNBEUR": 264.86, "ETHEUR": 1784.52, "LTCEUR": 112.17, "XRPEUR": 0.5266, "ADAEUR": 1.1274, "XLMEUR": 0.20442, "DOGEEUR": 0.18326}