{"BTCEUR": 35089.69, "BNBEUR": 419.49, "ETHEUR": 2760.0, "LTCEUR": 243.56, "XRPEUR": 1.28, "ADAEUR": 1.6706, "XLMEUR": 0.52544, "DOGEEUR": 0.38897}