{"BTCEUR": 28244.86, "BNBEUR": 265.52, "ETHEUR": 1829.74, "LTCEUR": 113.15, "XRPEUR": 0.5327, "ADAEUR": 1.1501, "XLMEUR": 0.20837, "DOGEEUR": 0.18729}