{"BTCEUR": 36729.58, "BNBEUR": 446.42, "ETHEUR": 2789.9, "LTCEUR": 234.07, "XRPEUR": 1.1457, "ADAEUR": 1.7, "XLMEUR": 0.55785, "DOGEEUR": 0.40251}