{"BTCEUR": 28342.1, "BNBEUR": 266.84, "ETHEUR": 1779.06, "LTCEUR": 113.09, "XRPEUR": 0.5279, "ADAEUR": 1.1284, "XLMEUR": 0.20702, "DOGEEUR": 0.18024}