{"BTCEUR": 27546.83, "BNBEUR": 257.82, "ETHEUR": 1744.96, "LTCEUR": 107.96, "XRPEUR": 0.512, "ADAEUR": 1.1079, "XLMEUR": 0.19817, "DOGEEUR": 0.18134}