{"BTCEUR": 27220.63, "BNBEUR": 250.73, "ETHEUR": 1602.52, "LTCEUR": 106.76, "XRPEUR": 0.5073, "ADAEUR": 1.0301, "XLMEUR": 0.18901, "DOGEEUR": 0.16195}