{"BTCEUR": 27786.53, "BNBEUR": 257.05, "ETHEUR": 1640.05, "LTCEUR": 109.6, "XRPEUR": 0.5208, "ADAEUR": 1.0624, "XLMEUR": 0.19515, "DOGEEUR": 0.16673}