{"BTCEUR": 35888.24, "BNBEUR": 421.98, "ETHEUR": 2720.52, "LTCEUR": 227.95, "XRPEUR": 1.1503, "ADAEUR": 1.7545, "XLMEUR": 0.53762, "DOGEEUR": 0.39772}