{"BTCEUR": 30534.46, "BNBEUR": 264.13, "ETHEUR": 1979.67, "LTCEUR": 147.45, "XRPEUR": 0.829, "ADAEUR": 1.27, "XLMEUR": 0.34556, "DOGEEUR": 0.29353}