{"BTCEUR": 28617.3, "BNBEUR": 272.42, "ETHEUR": 1803.34, "LTCEUR": 112.99, "XRPEUR": 0.5345, "ADAEUR": 1.1296, "XLMEUR": 0.20637, "DOGEEUR": 0.18188}