{"BTCEUR": 37072.06, "BNBEUR": 439.19, "ETHEUR": 2858.77, "LTCEUR": 236.33, "XRPEUR": 1.2465, "ADAEUR": 1.7949, "XLMEUR": 0.57416, "DOGEEUR": 0.41328}