{"BTCEUR": 39782.64, "BNBEUR": 479.49, "ETHEUR": 3028.42, "LTCEUR": 254.2, "XRPEUR": 1.2428, "ADAEUR": 1.9061, "XLMEUR": 0.61375, "DOGEEUR": 0.42446}