{"BTCEUR": 37201.49, "BNBEUR": 448.79, "ETHEUR": 2820.22, "LTCEUR": 234.95, "XRPEUR": 1.1642, "ADAEUR": 1.7853, "XLMEUR": 0.55575, "DOGEEUR": 0.40733}