{"BTCEUR": 36612.56, "BNBEUR": 432.43, "ETHEUR": 2789.23, "LTCEUR": 239.0, "XRPEUR": 1.2506, "ADAEUR": 1.715, "XLMEUR": 0.55175, "DOGEEUR": 0.40795}