{"BTCEUR": 28448.14, "BNBEUR": 269.0, "ETHEUR": 1787.36, "LTCEUR": 113.48, "XRPEUR": 0.5278, "ADAEUR": 1.1293, "XLMEUR": 0.20372, "DOGEEUR": 0.17972}