{"BTCEUR": 37138.33, "BNBEUR": 442.51, "ETHEUR": 2876.38, "LTCEUR": 240.07, "XRPEUR": 1.2532, "ADAEUR": 1.769, "XLMEUR": 0.57514, "DOGEEUR": 0.41856}