{"BTCEUR": 27252.77, "BNBEUR": 251.0, "ETHEUR": 1605.97, "LTCEUR": 106.94, "XRPEUR": 0.5081, "ADAEUR": 1.0298, "XLMEUR": 0.18937, "DOGEEUR": 0.16192}