{"BTCEUR": 33927.04, "BNBEUR": 336.46, "ETHEUR": 2344.07, "LTCEUR": 176.95, "XRPEUR": 0.987, "ADAEUR": 1.517, "XLMEUR": 0.41265, "DOGEEUR": 0.33407}