{"BTCEUR": 36861.13, "BNBEUR": 436.2, "ETHEUR": 2871.36, "LTCEUR": 235.27, "XRPEUR": 1.17, "ADAEUR": 1.7916, "XLMEUR": 0.55781, "DOGEEUR": 0.40839}