{"BTCEUR": 27702.78, "BNBEUR": 261.78, "ETHEUR": 1682.23, "LTCEUR": 111.31, "XRPEUR": 0.5247, "ADAEUR": 1.0942, "XLMEUR": 0.19846, "DOGEEUR": 0.17167}