{"BTCEUR": 30672.96, "BNBEUR": 307.65, "ETHEUR": 2248.56, "LTCEUR": 169.55, "XRPEUR": 0.9778, "ADAEUR": 1.348, "XLMEUR": 0.38708, "DOGEEUR": 0.32022}