{"BTCEUR": 32937.79, "BNBEUR": 318.05, "ETHEUR": 2272.65, "LTCEUR": 171.9, "XRPEUR": 0.9706, "ADAEUR": 1.4889, "XLMEUR": 0.39676, "DOGEEUR": 0.32936}