{"BTCEUR": 35713.59, "BNBEUR": 415.14, "ETHEUR": 2755.15, "LTCEUR": 246.84, "XRPEUR": 1.2858, "ADAEUR": 1.6447, "XLMEUR": 0.53628, "DOGEEUR": 0.39121}