{"BTCEUR": 33211.68, "BNBEUR": 320.89, "ETHEUR": 2256.64, "LTCEUR": 168.81, "XRPEUR": 0.9316, "ADAEUR": 1.4256, "XLMEUR": 0.39562, "DOGEEUR": 0.32245}