{"BTCEUR": 36941.63, "BNBEUR": 444.67, "ETHEUR": 2811.56, "LTCEUR": 234.43, "XRPEUR": 1.1436, "ADAEUR": 1.7654, "XLMEUR": 0.54747, "DOGEEUR": 0.40533}