{"BTCEUR": 28608.18, "BNBEUR": 272.03, "ETHEUR": 1803.22, "LTCEUR": 113.09, "XRPEUR": 0.5354, "ADAEUR": 1.13, "XLMEUR": 0.20624, "DOGEEUR": 0.18241}