{"BTCEUR": 28277.0, "BNBEUR": 265.76, "ETHEUR": 1768.0, "LTCEUR": 112.42, "XRPEUR": 0.5232, "ADAEUR": 1.124, "XLMEUR": 0.20394, "DOGEEUR": 0.17885}