{"BTCEUR": 28067.93, "BNBEUR": 264.85, "ETHEUR": 1709.37, "LTCEUR": 113.08, "XRPEUR": 0.5335, "ADAEUR": 1.099, "XLMEUR": 0.20232, "DOGEEUR": 0.17226}