{"BTCEUR": 28240.77, "BNBEUR": 265.1, "ETHEUR": 1813.46, "LTCEUR": 112.72, "XRPEUR": 0.5308, "ADAEUR": 1.146, "XLMEUR": 0.20744, "DOGEEUR": 0.18868}