{"BTCEUR": 37290.01, "BNBEUR": 455.51, "ETHEUR": 2838.38, "LTCEUR": 241.92, "XRPEUR": 1.1467, "ADAEUR": 1.7175, "XLMEUR": 0.55667, "DOGEEUR": 0.41887}