{"BTCEUR": 28211.07, "BNBEUR": 264.95, "ETHEUR": 1806.74, "LTCEUR": 113.04, "XRPEUR": 0.5343, "ADAEUR": 1.1388, "XLMEUR": 0.20745, "DOGEEUR": 0.18575}