{"BTCEUR": 35772.81, "BNBEUR": 417.84, "ETHEUR": 2755.46, "LTCEUR": 244.82, "XRPEUR": 1.2975, "ADAEUR": 1.666, "XLMEUR": 0.54173, "DOGEEUR": 0.39633}