{"BTCEUR": 36416.54, "BNBEUR": 429.1, "ETHEUR": 2793.63, "LTCEUR": 233.32, "XRPEUR": 1.2562, "ADAEUR": 1.7219, "XLMEUR": 0.55498, "DOGEEUR": 0.40688}