{"BTCEUR": 28254.8, "BNBEUR": 265.61, "ETHEUR": 1778.47, "LTCEUR": 112.19, "XRPEUR": 0.5256, "ADAEUR": 1.1271, "XLMEUR": 0.20477, "DOGEEUR": 0.17955}