{"BTCEUR": 35067.53, "BNBEUR": 415.84, "ETHEUR": 2760.23, "LTCEUR": 238.31, "XRPEUR": 1.3161, "ADAEUR": 1.6246, "XLMEUR": 0.53005, "DOGEEUR": 0.38897}