{"BTCEUR": 28155.93, "BNBEUR": 271.39, "ETHEUR": 1763.27, "LTCEUR": 117.23, "XRPEUR": 0.5339, "ADAEUR": 1.1186, "XLMEUR": 0.20489, "DOGEEUR": 0.17642}