{"BTCEUR": 38616.1, "BNBEUR": 469.87, "ETHEUR": 2955.31, "LTCEUR": 250.5, "XRPEUR": 1.2061, "ADAEUR": 1.8189, "XLMEUR": 0.58548, "DOGEEUR": 0.42594}