{"BTCEUR": 27981.94, "BNBEUR": 267.22, "ETHEUR": 1718.36, "LTCEUR": 112.77, "XRPEUR": 0.5312, "ADAEUR": 1.1148, "XLMEUR": 0.20216, "DOGEEUR": 0.17674}