{"BTCEUR": 37026.77, "BNBEUR": 439.15, "ETHEUR": 2865.46, "LTCEUR": 237.2, "XRPEUR": 1.2477, "ADAEUR": 1.7652, "XLMEUR": 0.56946, "DOGEEUR": 0.41554}