{"BTCEUR": 35964.48, "BNBEUR": 424.65, "ETHEUR": 2743.26, "LTCEUR": 230.11, "XRPEUR": 1.154, "ADAEUR": 1.7674, "XLMEUR": 0.54375, "DOGEEUR": 0.39936}