{"BTCEUR": 28199.34, "BNBEUR": 265.05, "ETHEUR": 1775.52, "LTCEUR": 112.42, "XRPEUR": 0.5254, "ADAEUR": 1.1245, "XLMEUR": 0.20416, "DOGEEUR": 0.17918}