{"BTCEUR": 33917.95, "BNBEUR": 327.61, "ETHEUR": 2346.25, "LTCEUR": 173.85, "XRPEUR": 0.9598, "ADAEUR": 1.46, "XLMEUR": 0.40676, "DOGEEUR": 0.32794}