{"BTCEUR": 32005.74, "BNBEUR": 347.6, "ETHEUR": 2396.84, "LTCEUR": 216.0, "XRPEUR": 1.162, "ADAEUR": 1.3986, "XLMEUR": 0.46463, "DOGEEUR": 0.33419}