{"BTCEUR": 38915.59, "BNBEUR": 472.89, "ETHEUR": 2969.8, "LTCEUR": 250.92, "XRPEUR": 1.21, "ADAEUR": 1.8479, "XLMEUR": 0.60127, "DOGEEUR": 0.43764}