{"BTCEUR": 28206.19, "BNBEUR": 264.35, "ETHEUR": 1793.01, "LTCEUR": 112.48, "XRPEUR": 0.5314, "ADAEUR": 1.1301, "XLMEUR": 0.20725, "DOGEEUR": 0.18512}