{"BTCEUR": 37156.75, "BNBEUR": 431.36, "ETHEUR": 2874.98, "LTCEUR": 259.8, "XRPEUR": 1.3308, "ADAEUR": 1.7425, "XLMEUR": 0.56407, "DOGEEUR": 0.40781}