{"BTCEUR": 31832.22, "BNBEUR": 314.79, "ETHEUR": 2141.8, "LTCEUR": 166.25, "XRPEUR": 0.954, "ADAEUR": 1.3395, "XLMEUR": 0.39902, "DOGEEUR": 0.29519}