{"BTCEUR": 28427.49, "BNBEUR": 268.56, "ETHEUR": 1784.72, "LTCEUR": 113.32, "XRPEUR": 0.5265, "ADAEUR": 1.128, "XLMEUR": 0.20399, "DOGEEUR": 0.17942}