{"BTCEUR": 27913.02, "BNBEUR": 263.19, "ETHEUR": 1809.49, "LTCEUR": 111.22, "XRPEUR": 0.5247, "ADAEUR": 1.13, "XLMEUR": 0.20247, "DOGEEUR": 0.17497}