{"BTCEUR": 27392.05, "BNBEUR": 256.12, "ETHEUR": 1750.71, "LTCEUR": 108.13, "XRPEUR": 0.505, "ADAEUR": 1.0981, "XLMEUR": 0.19772, "DOGEEUR": 0.16826}