{"BTCEUR": 36512.83, "BNBEUR": 430.47, "ETHEUR": 2813.0, "LTCEUR": 238.47, "XRPEUR": 1.2547, "ADAEUR": 1.7391, "XLMEUR": 0.55584, "DOGEEUR": 0.40939}