{"BTCEUR": 37100.72, "BNBEUR": 431.69, "ETHEUR": 2827.6, "LTCEUR": 250.17, "XRPEUR": 1.2541, "ADAEUR": 1.7107, "XLMEUR": 0.54528, "DOGEEUR": 0.41199}