{"BTCEUR": 28510.93, "BNBEUR": 270.8, "ETHEUR": 1791.04, "LTCEUR": 113.65, "XRPEUR": 0.5284, "ADAEUR": 1.1311, "XLMEUR": 0.20537, "DOGEEUR": 0.17978}