{"BTCEUR": 27857.36, "BNBEUR": 266.76, "ETHEUR": 1823.11, "LTCEUR": 111.94, "XRPEUR": 0.5289, "ADAEUR": 1.1478, "XLMEUR": 0.20809, "DOGEEUR": 0.17971}