{"BTCEUR": 27665.09, "BNBEUR": 256.0, "ETHEUR": 1646.32, "LTCEUR": 109.21, "XRPEUR": 0.5178, "ADAEUR": 1.0605, "XLMEUR": 0.19371, "DOGEEUR": 0.16731}