{"BTCEUR": 33791.92, "BNBEUR": 325.36, "ETHEUR": 2336.42, "LTCEUR": 173.38, "XRPEUR": 0.9547, "ADAEUR": 1.4481, "XLMEUR": 0.40515, "DOGEEUR": 0.32744}