{"BTCEUR": 38093.45, "BNBEUR": 460.66, "ETHEUR": 2922.97, "LTCEUR": 241.35, "XRPEUR": 1.1795, "ADAEUR": 1.8634, "XLMEUR": 0.57985, "DOGEEUR": 0.41934}