{"BTCEUR": 28465.38, "BNBEUR": 271.49, "ETHEUR": 1792.1, "LTCEUR": 113.58, "XRPEUR": 0.5295, "ADAEUR": 1.1296, "XLMEUR": 0.20488, "DOGEEUR": 0.17956}