{"BTCEUR": 28249.26, "BNBEUR": 264.72, "ETHEUR": 1799.94, "LTCEUR": 112.7, "XRPEUR": 0.5317, "ADAEUR": 1.1322, "XLMEUR": 0.20696, "DOGEEUR": 0.18793}