{"BTCEUR": 29007.85, "BNBEUR": 280.45, "ETHEUR": 1815.64, "LTCEUR": 116.79, "XRPEUR": 0.5509, "ADAEUR": 1.1555, "XLMEUR": 0.21228, "DOGEEUR": 0.18345}