{"BTCEUR": 32413.47, "BNBEUR": 319.0, "ETHEUR": 2168.04, "LTCEUR": 168.5, "XRPEUR": 0.9704, "ADAEUR": 1.3487, "XLMEUR": 0.40695, "DOGEEUR": 0.29899}