{"BTCEUR": 31611.0, "BNBEUR": 283.94, "ETHEUR": 2050.46, "LTCEUR": 159.39, "XRPEUR": 0.9107, "ADAEUR": 1.2816, "XLMEUR": 0.37087, "DOGEEUR": 0.28518}