{"BTCEUR": 27320.06, "BNBEUR": 252.82, "ETHEUR": 1614.85, "LTCEUR": 107.36, "XRPEUR": 0.5111, "ADAEUR": 1.033, "XLMEUR": 0.19054, "DOGEEUR": 0.16268}