{"BTCEUR": 32666.56, "BNBEUR": 291.01, "ETHEUR": 2128.22, "LTCEUR": 167.14, "XRPEUR": 0.9461, "ADAEUR": 1.3092, "XLMEUR": 0.38601, "DOGEEUR": 0.29273}