{"BTCEUR": 28548.57, "BNBEUR": 268.06, "ETHEUR": 1819.83, "LTCEUR": 113.35, "XRPEUR": 0.5372, "ADAEUR": 1.138, "XLMEUR": 0.20752, "DOGEEUR": 0.18811}