{"BTCEUR": 28826.04, "BNBEUR": 274.01, "ETHEUR": 1807.81, "LTCEUR": 113.87, "XRPEUR": 0.5402, "ADAEUR": 1.1392, "XLMEUR": 0.20912, "DOGEEUR": 0.18227}