{"BTCEUR": 28133.88, "BNBEUR": 265.45, "ETHEUR": 1714.25, "LTCEUR": 112.0, "XRPEUR": 0.5291, "ADAEUR": 1.0903, "XLMEUR": 0.20504, "DOGEEUR": 0.17111}