{"BTCEUR": 27511.88, "BNBEUR": 257.05, "ETHEUR": 1750.49, "LTCEUR": 107.62, "XRPEUR": 0.5078, "ADAEUR": 1.1021, "XLMEUR": 0.19858, "DOGEEUR": 0.16814}