{"BTCEUR": 33364.88, "BNBEUR": 324.0, "ETHEUR": 2319.31, "LTCEUR": 174.01, "XRPEUR": 0.9933, "ADAEUR": 1.5138, "XLMEUR": 0.40755, "DOGEEUR": 0.33375}