{"BTCEUR": 28639.53, "BNBEUR": 272.85, "ETHEUR": 1807.6, "LTCEUR": 113.15, "XRPEUR": 0.534, "ADAEUR": 1.1303, "XLMEUR": 0.20662, "DOGEEUR": 0.18233}