{"BTCEUR": 27908.82, "BNBEUR": 266.38, "ETHEUR": 1711.47, "LTCEUR": 112.47, "XRPEUR": 0.5309, "ADAEUR": 1.102, "XLMEUR": 0.20013, "DOGEEUR": 0.17327}