{"BTCEUR": 28469.76, "BNBEUR": 268.36, "ETHEUR": 1791.16, "LTCEUR": 114.07, "XRPEUR": 0.5304, "ADAEUR": 1.1354, "XLMEUR": 0.20705, "DOGEEUR": 0.18093}