{"BTCEUR": 28247.39, "BNBEUR": 264.67, "ETHEUR": 1797.18, "LTCEUR": 112.71, "XRPEUR": 0.5318, "ADAEUR": 1.134, "XLMEUR": 0.20798, "DOGEEUR": 0.18572}