{"BTCEUR": 28625.0, "BNBEUR": 268.43, "ETHEUR": 1823.14, "LTCEUR": 114.25, "XRPEUR": 0.5375, "ADAEUR": 1.1458, "XLMEUR": 0.20958, "DOGEEUR": 0.18535}