{"BTCEUR": 28247.7, "BNBEUR": 272.58, "ETHEUR": 1771.63, "LTCEUR": 115.38, "XRPEUR": 0.5346, "ADAEUR": 1.1269, "XLMEUR": 0.20613, "DOGEEUR": 0.17808}