{"BTCEUR": 37187.4, "BNBEUR": 432.0, "ETHEUR": 2876.04, "LTCEUR": 257.77, "XRPEUR": 1.3468, "ADAEUR": 1.7374, "XLMEUR": 0.56835, "DOGEEUR": 0.40848}