{"BTCEUR": 28572.41, "BNBEUR": 268.43, "ETHEUR": 1820.0, "LTCEUR": 113.84, "XRPEUR": 0.5382, "ADAEUR": 1.1385, "XLMEUR": 0.20771, "DOGEEUR": 0.18717}