{"BTCEUR": 35710.91, "BNBEUR": 417.7, "ETHEUR": 2768.85, "LTCEUR": 247.11, "XRPEUR": 1.3036, "ADAEUR": 1.6504, "XLMEUR": 0.53905, "DOGEEUR": 0.39564}