{"BTCEUR": 28804.46, "BNBEUR": 270.26, "ETHEUR": 1844.49, "LTCEUR": 115.01, "XRPEUR": 0.5427, "ADAEUR": 1.1478, "XLMEUR": 0.21135, "DOGEEUR": 0.19112}