{"BTCEUR": 37168.27, "BNBEUR": 432.14, "ETHEUR": 2883.94, "LTCEUR": 252.17, "XRPEUR": 1.2457, "ADAEUR": 1.717, "XLMEUR": 0.54456, "DOGEEUR": 0.40663}