{"BTCEUR": 36484.0, "BNBEUR": 430.13, "ETHEUR": 2801.03, "LTCEUR": 235.99, "XRPEUR": 1.2522, "ADAEUR": 1.725, "XLMEUR": 0.55217, "DOGEEUR": 0.40716}