{"BTCEUR": 28205.98, "BNBEUR": 272.08, "ETHEUR": 1764.73, "LTCEUR": 115.38, "XRPEUR": 0.5345, "ADAEUR": 1.1212, "XLMEUR": 0.20534, "DOGEEUR": 0.17802}