{"BTCEUR": 30347.91, "BNBEUR": 272.5, "ETHEUR": 2019.56, "LTCEUR": 147.54, "XRPEUR": 0.8384, "ADAEUR": 1.2748, "XLMEUR": 0.35758, "DOGEEUR": 0.29102}