{"BTCEUR": 28831.69, "BNBEUR": 274.33, "ETHEUR": 1810.64, "LTCEUR": 114.05, "XRPEUR": 0.5405, "ADAEUR": 1.1402, "XLMEUR": 0.20957, "DOGEEUR": 0.18198}