{"BTCEUR": 32462.87, "BNBEUR": 313.62, "ETHEUR": 2227.03, "LTCEUR": 170.22, "XRPEUR": 0.9515, "ADAEUR": 1.4536, "XLMEUR": 0.39944, "DOGEEUR": 0.32136}