{"BTCEUR": 28765.61, "BNBEUR": 269.16, "ETHEUR": 1808.32, "LTCEUR": 112.98, "XRPEUR": 0.5308, "ADAEUR": 1.137, "XLMEUR": 0.20689, "DOGEEUR": 0.18332}