{"BTCEUR": 28798.04, "BNBEUR": 271.94, "ETHEUR": 1797.91, "LTCEUR": 113.16, "XRPEUR": 0.5355, "ADAEUR": 1.1339, "XLMEUR": 0.20769, "DOGEEUR": 0.18104}