{"BTCEUR": 28766.16, "BNBEUR": 278.0, "ETHEUR": 1798.15, "LTCEUR": 116.19, "XRPEUR": 0.5456, "ADAEUR": 1.1444, "XLMEUR": 0.20913, "DOGEEUR": 0.18206}