{"BTCEUR": 35297.38, "BNBEUR": 413.93, "ETHEUR": 2673.22, "LTCEUR": 220.0, "XRPEUR": 1.2224, "ADAEUR": 1.6147, "XLMEUR": 0.53518, "DOGEEUR": 0.39579}