{"BTCEUR": 28623.98, "BNBEUR": 273.05, "ETHEUR": 1809.85, "LTCEUR": 114.15, "XRPEUR": 0.5328, "ADAEUR": 1.1344, "XLMEUR": 0.20624, "DOGEEUR": 0.18179}