{"BTCEUR": 29547.26, "BNBEUR": 253.09, "ETHEUR": 1872.42, "LTCEUR": 144.07, "XRPEUR": 0.7973, "ADAEUR": 1.152, "XLMEUR": 0.34739, "DOGEEUR": 0.25208}