{"BTCEUR": 39492.63, "BNBEUR": 473.3, "ETHEUR": 3005.0, "LTCEUR": 250.11, "XRPEUR": 1.2299, "ADAEUR": 1.8875, "XLMEUR": 0.60971, "DOGEEUR": 0.42166}