{"BTCEUR": 27849.68, "BNBEUR": 263.05, "ETHEUR": 1665.29, "LTCEUR": 112.04, "XRPEUR": 0.5284, "ADAEUR": 1.0778, "XLMEUR": 0.19675, "DOGEEUR": 0.17089}