{"BTCEUR": 27760.71, "BNBEUR": 264.58, "ETHEUR": 1712.84, "LTCEUR": 112.07, "XRPEUR": 0.5283, "ADAEUR": 1.102, "XLMEUR": 0.19989, "DOGEEUR": 0.17809}