{"BTCEUR": 32767.99, "BNBEUR": 296.56, "ETHEUR": 2190.78, "LTCEUR": 171.96, "XRPEUR": 0.961, "ADAEUR": 1.3767, "XLMEUR": 0.39552, "DOGEEUR": 0.30242}