{"BTCEUR": 27820.91, "BNBEUR": 259.49, "ETHEUR": 1636.48, "LTCEUR": 110.21, "XRPEUR": 0.5206, "ADAEUR": 1.0655, "XLMEUR": 0.19535, "DOGEEUR": 0.16699}