{"BTCEUR": 28138.45, "BNBEUR": 266.14, "ETHEUR": 1720.46, "LTCEUR": 113.01, "XRPEUR": 0.5356, "ADAEUR": 1.0981, "XLMEUR": 0.20359, "DOGEEUR": 0.17281}