{"BTCEUR": 38755.99, "BNBEUR": 472.66, "ETHEUR": 2985.18, "LTCEUR": 250.46, "XRPEUR": 1.2114, "ADAEUR": 1.8394, "XLMEUR": 0.59372, "DOGEEUR": 0.43259}