{"BTCEUR": 37083.22, "BNBEUR": 430.97, "ETHEUR": 2859.2, "LTCEUR": 257.57, "XRPEUR": 1.3315, "ADAEUR": 1.7374, "XLMEUR": 0.56637, "DOGEEUR": 0.40442}