{"BTCEUR": 28468.66, "BNBEUR": 265.5, "ETHEUR": 1797.25, "LTCEUR": 112.49, "XRPEUR": 0.5322, "ADAEUR": 1.1308, "XLMEUR": 0.20532, "DOGEEUR": 0.18448}