{"BTCEUR": 27890.36, "BNBEUR": 266.31, "ETHEUR": 1722.01, "LTCEUR": 112.48, "XRPEUR": 0.5305, "ADAEUR": 1.109, "XLMEUR": 0.20136, "DOGEEUR": 0.17731}