{"BTCEUR": 30606.35, "BNBEUR": 264.65, "ETHEUR": 1986.11, "LTCEUR": 148.13, "XRPEUR": 0.82, "ADAEUR": 1.2666, "XLMEUR": 0.34578, "DOGEEUR": 0.29404}