{"BTCEUR": 27811.14, "BNBEUR": 265.3, "ETHEUR": 1703.24, "LTCEUR": 112.0, "XRPEUR": 0.5294, "ADAEUR": 1.0997, "XLMEUR": 0.20036, "DOGEEUR": 0.17169}