{"BTCEUR": 27784.91, "BNBEUR": 263.87, "ETHEUR": 1693.27, "LTCEUR": 113.03, "XRPEUR": 0.5288, "ADAEUR": 1.0944, "XLMEUR": 0.20053, "DOGEEUR": 0.17195}