{"BTCEUR": 33834.92, "BNBEUR": 329.39, "ETHEUR": 2339.81, "LTCEUR": 174.87, "XRPEUR": 0.9572, "ADAEUR": 1.4702, "XLMEUR": 0.40813, "DOGEEUR": 0.32915}