{"BTCEUR": 35906.48, "BNBEUR": 422.5, "ETHEUR": 2726.45, "LTCEUR": 228.58, "XRPEUR": 1.1488, "ADAEUR": 1.766, "XLMEUR": 0.54169, "DOGEEUR": 0.39953}