{"BTCEUR": 32608.78, "BNBEUR": 291.24, "ETHEUR": 2126.49, "LTCEUR": 166.6, "XRPEUR": 0.9464, "ADAEUR": 1.3029, "XLMEUR": 0.38486, "DOGEEUR": 0.28923}