{"BTCEUR": 28373.39, "BNBEUR": 263.21, "ETHEUR": 1766.0, "LTCEUR": 111.19, "XRPEUR": 0.5239, "ADAEUR": 1.1222, "XLMEUR": 0.20269, "DOGEEUR": 0.18118}