{"BTCEUR": 27949.62, "BNBEUR": 266.38, "ETHEUR": 1718.83, "LTCEUR": 114.66, "XRPEUR": 0.5262, "ADAEUR": 1.1066, "XLMEUR": 0.20219, "DOGEEUR": 0.17406}