{"BTCEUR": 36447.65, "BNBEUR": 428.93, "ETHEUR": 2748.37, "LTCEUR": 239.46, "XRPEUR": 1.2329, "ADAEUR": 1.6744, "XLMEUR": 0.53391, "DOGEEUR": 0.40181}