{"BTCEUR": 28451.99, "BNBEUR": 266.29, "ETHEUR": 1812.31, "LTCEUR": 113.57, "XRPEUR": 0.5343, "ADAEUR": 1.1399, "XLMEUR": 0.20932, "DOGEEUR": 0.18704}