{"BTCEUR": 28097.47, "BNBEUR": 266.83, "ETHEUR": 1713.99, "LTCEUR": 112.48, "XRPEUR": 0.5303, "ADAEUR": 1.0988, "XLMEUR": 0.20306, "DOGEEUR": 0.17345}