{"BTCEUR": 36768.31, "BNBEUR": 447.14, "ETHEUR": 2784.96, "LTCEUR": 234.91, "XRPEUR": 1.1361, "ADAEUR": 1.6812, "XLMEUR": 0.55216, "DOGEEUR": 0.41549}