{"BTCEUR": 28638.36, "BNBEUR": 272.05, "ETHEUR": 1802.24, "LTCEUR": 113.05, "XRPEUR": 0.5343, "ADAEUR": 1.1322, "XLMEUR": 0.20692, "DOGEEUR": 0.18199}