{"BTCEUR": 34371.78, "BNBEUR": 319.7, "ETHEUR": 2341.21, "LTCEUR": 181.16, "XRPEUR": 1.0091, "ADAEUR": 1.5256, "XLMEUR": 0.41713, "DOGEEUR": 0.33811}