{"BTCEUR": 28340.67, "BNBEUR": 265.84, "ETHEUR": 1834.16, "LTCEUR": 113.61, "XRPEUR": 0.5412, "ADAEUR": 1.1505, "XLMEUR": 0.20865, "DOGEEUR": 0.18686}