{"BTCEUR": 34645.34, "BNBEUR": 334.24, "ETHEUR": 2399.11, "LTCEUR": 181.3, "XRPEUR": 1.0144, "ADAEUR": 1.5427, "XLMEUR": 0.42795, "DOGEEUR": 0.34196}