{"BTCEUR": 33390.39, "BNBEUR": 322.45, "ETHEUR": 2303.74, "LTCEUR": 170.83, "XRPEUR": 0.9506, "ADAEUR": 1.439, "XLMEUR": 0.40243, "DOGEEUR": 0.32429}