{"BTCEUR": 28784.92, "BNBEUR": 272.38, "ETHEUR": 1793.52, "LTCEUR": 113.13, "XRPEUR": 0.5382, "ADAEUR": 1.1354, "XLMEUR": 0.20834, "DOGEEUR": 0.18128}