{"BTCEUR": 35710.28, "BNBEUR": 422.34, "ETHEUR": 2824.86, "LTCEUR": 243.25, "XRPEUR": 1.3122, "ADAEUR": 1.6686, "XLMEUR": 0.53689, "DOGEEUR": 0.39353}