{"BTCEUR": 28596.73, "BNBEUR": 272.91, "ETHEUR": 1807.72, "LTCEUR": 113.65, "XRPEUR": 0.5336, "ADAEUR": 1.1321, "XLMEUR": 0.20676, "DOGEEUR": 0.18209}