{"BTCEUR": 33678.65, "BNBEUR": 311.89, "ETHEUR": 2206.94, "LTCEUR": 168.51, "XRPEUR": 0.9279, "ADAEUR": 1.3905, "XLMEUR": 0.39585, "DOGEEUR": 0.32029}