{"BTCEUR": 36827.83, "BNBEUR": 430.47, "ETHEUR": 2782.84, "LTCEUR": 248.61, "XRPEUR": 1.256, "ADAEUR": 1.6952, "XLMEUR": 0.53849, "DOGEEUR": 0.40442}