{"BTCEUR": 28241.07, "BNBEUR": 264.86, "ETHEUR": 1820.4, "LTCEUR": 113.36, "XRPEUR": 0.5366, "ADAEUR": 1.1387, "XLMEUR": 0.20783, "DOGEEUR": 0.18408}