{"BTCEUR": 34770.57, "BNBEUR": 335.0, "ETHEUR": 2430.82, "LTCEUR": 186.4, "XRPEUR": 1.0357, "ADAEUR": 1.5808, "XLMEUR": 0.43481, "DOGEEUR": 0.35101}