{"BTCEUR": 32302.03, "BNBEUR": 314.45, "ETHEUR": 2197.98, "LTCEUR": 169.9, "XRPEUR": 0.9724, "ADAEUR": 1.3421, "XLMEUR": 0.39906, "DOGEEUR": 0.29945}