{"BTCEUR": 33373.95, "BNBEUR": 372.57, "ETHEUR": 2547.89, "LTCEUR": 224.9, "XRPEUR": 1.2234, "ADAEUR": 1.503, "XLMEUR": 0.49131, "DOGEEUR": 0.35488}