{"BTCEUR": 27746.34, "BNBEUR": 264.9, "ETHEUR": 1690.27, "LTCEUR": 112.26, "XRPEUR": 0.528, "ADAEUR": 1.0932, "XLMEUR": 0.19963, "DOGEEUR": 0.17265}