{"BTCEUR": 28331.91, "BNBEUR": 266.51, "ETHEUR": 1774.07, "LTCEUR": 113.09, "XRPEUR": 0.5272, "ADAEUR": 1.1283, "XLMEUR": 0.20702, "DOGEEUR": 0.17973}