{"BTCEUR": 32374.41, "BNBEUR": 347.0, "ETHEUR": 2416.86, "LTCEUR": 214.17, "XRPEUR": 1.1538, "ADAEUR": 1.3564, "XLMEUR": 0.46921, "DOGEEUR": 0.32914}