{"BTCEUR": 28208.64, "BNBEUR": 265.19, "ETHEUR": 1768.61, "LTCEUR": 111.43, "XRPEUR": 0.5229, "ADAEUR": 1.1234, "XLMEUR": 0.20312, "DOGEEUR": 0.17907}