{"BTCEUR": 37285.61, "BNBEUR": 442.2, "ETHEUR": 2883.47, "LTCEUR": 237.47, "XRPEUR": 1.2554, "ADAEUR": 1.804, "XLMEUR": 0.57697, "DOGEEUR": 0.41675}