{"BTCEUR": 33457.63, "BNBEUR": 318.29, "ETHEUR": 2259.38, "LTCEUR": 168.93, "XRPEUR": 0.932, "ADAEUR": 1.4189, "XLMEUR": 0.39632, "DOGEEUR": 0.32242}