{"BTCEUR": 28238.9, "BNBEUR": 265.49, "ETHEUR": 1765.35, "LTCEUR": 112.3, "XRPEUR": 0.5226, "ADAEUR": 1.1226, "XLMEUR": 0.20332, "DOGEEUR": 0.17864}