{"BTCEUR": 29823.4, "BNBEUR": 255.35, "ETHEUR": 1939.22, "LTCEUR": 144.98, "XRPEUR": 0.811, "ADAEUR": 1.22, "XLMEUR": 0.34255, "DOGEEUR": 0.28448}