{"BTCEUR": 34883.78, "BNBEUR": 408.97, "ETHEUR": 2616.58, "LTCEUR": 219.02, "XRPEUR": 1.219, "ADAEUR": 1.6624, "XLMEUR": 0.53151, "DOGEEUR": 0.39125}