{"BTCEUR": 39758.39, "BNBEUR": 480.76, "ETHEUR": 3023.85, "LTCEUR": 254.04, "XRPEUR": 1.2369, "ADAEUR": 1.9046, "XLMEUR": 0.61744, "DOGEEUR": 0.42593}