{"BTCEUR": 36916.62, "BNBEUR": 431.67, "ETHEUR": 2868.77, "LTCEUR": 255.5, "XRPEUR": 1.3569, "ADAEUR": 1.715, "XLMEUR": 0.56007, "DOGEEUR": 0.40863}