{"BTCEUR": 40033.07, "BNBEUR": 484.5, "ETHEUR": 3057.64, "LTCEUR": 256.0, "XRPEUR": 1.2566, "ADAEUR": 1.9315, "XLMEUR": 0.62611, "DOGEEUR": 0.42771}