{"BTCEUR": 28414.78, "BNBEUR": 267.41, "ETHEUR": 1782.88, "LTCEUR": 113.21, "XRPEUR": 0.5275, "ADAEUR": 1.1316, "XLMEUR": 0.20678, "DOGEEUR": 0.18036}