{"BTCEUR": 30613.23, "BNBEUR": 278.1, "ETHEUR": 2028.18, "LTCEUR": 150.73, "XRPEUR": 0.8512, "ADAEUR": 1.2976, "XLMEUR": 0.36029, "DOGEEUR": 0.29355}