{"BTCEUR": 27850.27, "BNBEUR": 263.21, "ETHEUR": 1706.51, "LTCEUR": 112.9, "XRPEUR": 0.525, "ADAEUR": 1.0995, "XLMEUR": 0.20036, "DOGEEUR": 0.17293}