{"BTCEUR": 27511.84, "BNBEUR": 260.57, "ETHEUR": 1639.61, "LTCEUR": 111.21, "XRPEUR": 0.5247, "ADAEUR": 1.0716, "XLMEUR": 0.19533, "DOGEEUR": 0.16983}