{"BTCEUR": 31114.77, "BNBEUR": 314.78, "ETHEUR": 2138.86, "LTCEUR": 194.0, "XRPEUR": 1.0159, "ADAEUR": 1.2567, "XLMEUR": 0.40835, "DOGEEUR": 0.29037}