{"BTCEUR": 35646.78, "BNBEUR": 423.95, "ETHEUR": 2799.0, "LTCEUR": 251.01, "XRPEUR": 1.3199, "ADAEUR": 1.6989, "XLMEUR": 0.54005, "DOGEEUR": 0.39422}