{"BTCEUR": 38070.41, "BNBEUR": 459.24, "ETHEUR": 2905.09, "LTCEUR": 240.62, "XRPEUR": 1.1725, "ADAEUR": 1.8457, "XLMEUR": 0.57353, "DOGEEUR": 0.41994}