{"BTCEUR": 28503.95, "BNBEUR": 265.24, "ETHEUR": 1792.62, "LTCEUR": 112.54, "XRPEUR": 0.5266, "ADAEUR": 1.1334, "XLMEUR": 0.20453, "DOGEEUR": 0.18438}