{"BTCEUR": 35719.81, "BNBEUR": 422.11, "ETHEUR": 2695.55, "LTCEUR": 233.07, "XRPEUR": 1.2276, "ADAEUR": 1.6695, "XLMEUR": 0.53313, "DOGEEUR": 0.40024}