{"BTCEUR": 33232.77, "BNBEUR": 372.91, "ETHEUR": 2538.47, "LTCEUR": 223.83, "XRPEUR": 1.221, "ADAEUR": 1.4831, "XLMEUR": 0.48687, "DOGEEUR": 0.35436}