{"BTCEUR": 28435.1, "BNBEUR": 269.99, "ETHEUR": 1787.22, "LTCEUR": 113.09, "XRPEUR": 0.5278, "ADAEUR": 1.1287, "XLMEUR": 0.20445, "DOGEEUR": 0.17941}