{"BTCEUR": 36806.08, "BNBEUR": 435.2, "ETHEUR": 2819.98, "LTCEUR": 234.84, "XRPEUR": 1.2322, "ADAEUR": 1.7416, "XLMEUR": 0.55958, "DOGEEUR": 0.40267}