{"BTCEUR": 37355.22, "BNBEUR": 442.93, "ETHEUR": 2914.38, "LTCEUR": 238.46, "XRPEUR": 1.2001, "ADAEUR": 1.8171, "XLMEUR": 0.56947, "DOGEEUR": 0.42118}