{"BTCEUR": 28061.65, "BNBEUR": 265.88, "ETHEUR": 1713.82, "LTCEUR": 112.47, "XRPEUR": 0.5389, "ADAEUR": 1.1144, "XLMEUR": 0.20329, "DOGEEUR": 0.17333}