{"BTCEUR": 27636.73, "BNBEUR": 262.44, "ETHEUR": 1679.57, "LTCEUR": 111.62, "XRPEUR": 0.5259, "ADAEUR": 1.0858, "XLMEUR": 0.19857, "DOGEEUR": 0.17103}