{"BTCEUR": 30602.22, "BNBEUR": 262.38, "ETHEUR": 1939.42, "LTCEUR": 146.23, "XRPEUR": 0.78, "ADAEUR": 1.2405, "XLMEUR": 0.32859, "DOGEEUR": 0.27789}