{"BTCEUR": 29017.12, "BNBEUR": 276.94, "ETHEUR": 1823.26, "LTCEUR": 114.15, "XRPEUR": 0.5454, "ADAEUR": 1.1484, "XLMEUR": 0.21092, "DOGEEUR": 0.18277}