{"BTCEUR": 27725.52, "BNBEUR": 257.35, "ETHEUR": 1663.0, "LTCEUR": 109.45, "XRPEUR": 0.5187, "ADAEUR": 1.0627, "XLMEUR": 0.19548, "DOGEEUR": 0.16698}