{"BTCEUR": 28524.31, "BNBEUR": 264.87, "ETHEUR": 1784.24, "LTCEUR": 112.16, "XRPEUR": 0.5271, "ADAEUR": 1.1291, "XLMEUR": 0.20444, "DOGEEUR": 0.18279}