{"BTCEUR": 28037.11, "BNBEUR": 265.39, "ETHEUR": 1707.14, "LTCEUR": 112.15, "XRPEUR": 0.5383, "ADAEUR": 1.109, "XLMEUR": 0.20163, "DOGEEUR": 0.17345}