{"BTCEUR": 36985.91, "BNBEUR": 427.39, "ETHEUR": 2791.13, "LTCEUR": 246.17, "XRPEUR": 1.2427, "ADAEUR": 1.688, "XLMEUR": 0.54079, "DOGEEUR": 0.40501}