{"BTCEUR": 27709.89, "BNBEUR": 264.02, "ETHEUR": 1685.1, "LTCEUR": 112.31, "XRPEUR": 0.5278, "ADAEUR": 1.0901, "XLMEUR": 0.19907, "DOGEEUR": 0.17224}