{"BTCEUR": 28404.24, "BNBEUR": 267.23, "ETHEUR": 1787.06, "LTCEUR": 113.13, "XRPEUR": 0.5273, "ADAEUR": 1.1301, "XLMEUR": 0.20586, "DOGEEUR": 0.18173}