{"BTCEUR": 34920.07, "BNBEUR": 413.62, "ETHEUR": 2746.44, "LTCEUR": 238.24, "XRPEUR": 1.2887, "ADAEUR": 1.6334, "XLMEUR": 0.52639, "DOGEEUR": 0.38956}