{"BTCEUR": 28512.46, "BNBEUR": 264.87, "ETHEUR": 1781.42, "LTCEUR": 112.09, "XRPEUR": 0.5259, "ADAEUR": 1.1264, "XLMEUR": 0.20425, "DOGEEUR": 0.18274}