{"BTCEUR": 27780.17, "BNBEUR": 262.4, "ETHEUR": 1790.65, "LTCEUR": 111.76, "XRPEUR": 0.5266, "ADAEUR": 1.123, "XLMEUR": 0.20542, "DOGEEUR": 0.17537}