{"BTCEUR": 35437.67, "BNBEUR": 419.88, "ETHEUR": 2675.42, "LTCEUR": 229.48, "XRPEUR": 1.221, "ADAEUR": 1.6569, "XLMEUR": 0.52786, "DOGEEUR": 0.39815}