{"BTCEUR": 27316.32, "BNBEUR": 252.67, "ETHEUR": 1623.86, "LTCEUR": 107.66, "XRPEUR": 0.5125, "ADAEUR": 1.0433, "XLMEUR": 0.19187, "DOGEEUR": 0.16535}