{"BTCEUR": 32830.81, "BNBEUR": 298.73, "ETHEUR": 2191.1, "LTCEUR": 170.81, "XRPEUR": 0.9561, "ADAEUR": 1.3819, "XLMEUR": 0.39603, "DOGEEUR": 0.30059}