{"BTCEUR": 28246.46, "BNBEUR": 272.59, "ETHEUR": 1771.32, "LTCEUR": 115.26, "XRPEUR": 0.5352, "ADAEUR": 1.1281, "XLMEUR": 0.20552, "DOGEEUR": 0.17813}