{"BTCEUR": 35882.04, "BNBEUR": 420.45, "ETHEUR": 2715.13, "LTCEUR": 228.15, "XRPEUR": 1.1537, "ADAEUR": 1.756, "XLMEUR": 0.54062, "DOGEEUR": 0.39856}