{"BTCEUR": 28031.49, "BNBEUR": 264.77, "ETHEUR": 1707.3, "LTCEUR": 112.66, "XRPEUR": 0.5334, "ADAEUR": 1.0997, "XLMEUR": 0.20195, "DOGEEUR": 0.17198}