{"BTCEUR": 35600.43, "BNBEUR": 424.31, "ETHEUR": 2793.75, "LTCEUR": 255.78, "XRPEUR": 1.2877, "ADAEUR": 1.6713, "XLMEUR": 0.53526, "DOGEEUR": 0.39361}