{"BTCEUR": 27695.78, "BNBEUR": 259.33, "ETHEUR": 1664.99, "LTCEUR": 109.6, "XRPEUR": 0.5198, "ADAEUR": 1.0695, "XLMEUR": 0.19742, "DOGEEUR": 0.16742}