{"BTCEUR": 28428.2, "BNBEUR": 264.09, "ETHEUR": 1773.49, "LTCEUR": 111.46, "XRPEUR": 0.5234, "ADAEUR": 1.1169, "XLMEUR": 0.20344, "DOGEEUR": 0.18124}