{"BTCEUR": 33392.59, "BNBEUR": 326.63, "ETHEUR": 2325.18, "LTCEUR": 174.11, "XRPEUR": 0.9881, "ADAEUR": 1.5152, "XLMEUR": 0.40878, "DOGEEUR": 0.34045}