{"BTCEUR": 37204.48, "BNBEUR": 440.04, "ETHEUR": 2874.55, "LTCEUR": 236.98, "XRPEUR": 1.2484, "ADAEUR": 1.8012, "XLMEUR": 0.57527, "DOGEEUR": 0.41499}