{"BTCEUR": 27988.2, "BNBEUR": 263.94, "ETHEUR": 1702.62, "LTCEUR": 111.69, "XRPEUR": 0.535, "ADAEUR": 1.101, "XLMEUR": 0.20123, "DOGEEUR": 0.17236}