{"BTCEUR": 32770.77, "BNBEUR": 317.16, "ETHEUR": 2264.6, "LTCEUR": 169.38, "XRPEUR": 0.9589, "ADAEUR": 1.4708, "XLMEUR": 0.39805, "DOGEEUR": 0.32706}