{"BTCEUR": 37424.57, "BNBEUR": 436.18, "ETHEUR": 2903.76, "LTCEUR": 260.42, "XRPEUR": 1.3735, "ADAEUR": 1.7295, "XLMEUR": 0.56955, "DOGEEUR": 0.41757}