{"BTCEUR": 27634.3, "BNBEUR": 272.09, "ETHEUR": 1970.79, "LTCEUR": 149.94, "XRPEUR": 0.8814, "ADAEUR": 1.14, "XLMEUR": 0.31752, "DOGEEUR": 0.27107}