{"BTCEUR": 36974.43, "BNBEUR": 431.83, "ETHEUR": 2866.08, "LTCEUR": 249.84, "XRPEUR": 1.2453, "ADAEUR": 1.7302, "XLMEUR": 0.54248, "DOGEEUR": 0.40563}