{"BTCEUR": 27773.92, "BNBEUR": 261.7, "ETHEUR": 1790.58, "LTCEUR": 110.6, "XRPEUR": 0.5208, "ADAEUR": 1.124, "XLMEUR": 0.20128, "DOGEEUR": 0.18174}