{"BTCEUR": 31102.9, "BNBEUR": 297.0, "ETHEUR": 2043.25, "LTCEUR": 158.85, "XRPEUR": 0.9076, "ADAEUR": 1.2139, "XLMEUR": 0.37782, "DOGEEUR": 0.27874}