{"BTCEUR": 31737.19, "BNBEUR": 303.97, "ETHEUR": 2096.85, "LTCEUR": 163.0, "XRPEUR": 0.933, "ADAEUR": 1.2581, "XLMEUR": 0.38315, "DOGEEUR": 0.28582}