{"BTCEUR": 27976.48, "BNBEUR": 262.82, "ETHEUR": 1797.57, "LTCEUR": 111.95, "XRPEUR": 0.5264, "ADAEUR": 1.1427, "XLMEUR": 0.20444, "DOGEEUR": 0.18552}