{"BTCEUR": 31078.76, "BNBEUR": 279.46, "ETHEUR": 2061.03, "LTCEUR": 152.22, "XRPEUR": 0.8596, "ADAEUR": 1.3043, "XLMEUR": 0.36859, "DOGEEUR": 0.29548}