{"BTCEUR": 27897.74, "BNBEUR": 265.03, "ETHEUR": 1693.4, "LTCEUR": 114.17, "XRPEUR": 0.5317, "ADAEUR": 1.0963, "XLMEUR": 0.20047, "DOGEEUR": 0.17301}