{"BTCEUR": 32887.01, "BNBEUR": 317.18, "ETHEUR": 2266.21, "LTCEUR": 170.72, "XRPEUR": 0.9626, "ADAEUR": 1.4868, "XLMEUR": 0.39922, "DOGEEUR": 0.32794}