{"BTCEUR": 35251.97, "BNBEUR": 418.69, "ETHEUR": 2756.74, "LTCEUR": 240.59, "XRPEUR": 1.2908, "ADAEUR": 1.6543, "XLMEUR": 0.52738, "DOGEEUR": 0.38933}