{"BTCEUR": 32805.74, "BNBEUR": 311.09, "ETHEUR": 2216.47, "LTCEUR": 165.93, "XRPEUR": 0.9187, "ADAEUR": 1.3995, "XLMEUR": 0.39143, "DOGEEUR": 0.31804}