{"BTCEUR": 27800.28, "BNBEUR": 262.09, "ETHEUR": 1794.09, "LTCEUR": 110.9, "XRPEUR": 0.5237, "ADAEUR": 1.1254, "XLMEUR": 0.20131, "DOGEEUR": 0.17324}