{"BTCEUR": 27754.1, "BNBEUR": 256.8, "ETHEUR": 1632.89, "LTCEUR": 109.43, "XRPEUR": 0.519, "ADAEUR": 1.0585, "XLMEUR": 0.19459, "DOGEEUR": 0.16473}