{"BTCEUR": 35079.28, "BNBEUR": 417.39, "ETHEUR": 2777.91, "LTCEUR": 239.8, "XRPEUR": 1.3268, "ADAEUR": 1.6339, "XLMEUR": 0.53224, "DOGEEUR": 0.38925}