{"BTCEUR": 29445.01, "BNBEUR": 289.28, "ETHEUR": 2037.75, "LTCEUR": 166.58, "XRPEUR": 0.9528, "ADAEUR": 1.2024, "XLMEUR": 0.36253, "DOGEEUR": 0.28873}