{"BTCEUR": 28972.34, "BNBEUR": 280.33, "ETHEUR": 1816.59, "LTCEUR": 116.26, "XRPEUR": 0.5516, "ADAEUR": 1.1553, "XLMEUR": 0.21116, "DOGEEUR": 0.18379}