{"BTCEUR": 33488.25, "BNBEUR": 312.44, "ETHEUR": 2246.77, "LTCEUR": 168.98, "XRPEUR": 0.9315, "ADAEUR": 1.4171, "XLMEUR": 0.39693, "DOGEEUR": 0.32218}