{"BTCEUR": 28105.52, "BNBEUR": 263.31, "ETHEUR": 1791.0, "LTCEUR": 112.5, "XRPEUR": 0.5326, "ADAEUR": 1.1308, "XLMEUR": 0.20739, "DOGEEUR": 0.18381}