{"BTCEUR": 32344.74, "BNBEUR": 355.72, "ETHEUR": 2430.79, "LTCEUR": 220.45, "XRPEUR": 1.1895, "ADAEUR": 1.4356, "XLMEUR": 0.46944, "DOGEEUR": 0.34171}