{"BTCEUR": 28253.9, "BNBEUR": 271.33, "ETHEUR": 1773.99, "LTCEUR": 114.65, "XRPEUR": 0.5344, "ADAEUR": 1.1246, "XLMEUR": 0.20537, "DOGEEUR": 0.17881}