{"BTCEUR": 28462.16, "BNBEUR": 273.04, "ETHEUR": 1782.75, "LTCEUR": 115.18, "XRPEUR": 0.539, "ADAEUR": 1.1365, "XLMEUR": 0.20669, "DOGEEUR": 0.17954}