{"BTCEUR": 32537.06, "BNBEUR": 315.66, "ETHEUR": 2255.54, "LTCEUR": 170.58, "XRPEUR": 0.9551, "ADAEUR": 1.468, "XLMEUR": 0.40386, "DOGEEUR": 0.32859}