{"BTCEUR": 27924.99, "BNBEUR": 266.19, "ETHEUR": 1715.45, "LTCEUR": 112.62, "XRPEUR": 0.5291, "ADAEUR": 1.1055, "XLMEUR": 0.20112, "DOGEEUR": 0.17319}