{"BTCEUR": 28451.38, "BNBEUR": 264.0, "ETHEUR": 1774.15, "LTCEUR": 111.71, "XRPEUR": 0.5264, "ADAEUR": 1.1259, "XLMEUR": 0.20348, "DOGEEUR": 0.18216}