{"BTCEUR": 27794.23, "BNBEUR": 265.19, "ETHEUR": 1806.19, "LTCEUR": 111.73, "XRPEUR": 0.5271, "ADAEUR": 1.1464, "XLMEUR": 0.20807, "DOGEEUR": 0.17739}