{"BTCEUR": 27687.39, "BNBEUR": 255.77, "ETHEUR": 1632.22, "LTCEUR": 109.04, "XRPEUR": 0.519, "ADAEUR": 1.0576, "XLMEUR": 0.19446, "DOGEEUR": 0.16495}