{"BTCEUR": 34905.36, "BNBEUR": 417.73, "ETHEUR": 2749.1, "LTCEUR": 241.48, "XRPEUR": 1.2679, "ADAEUR": 1.6566, "XLMEUR": 0.52311, "DOGEEUR": 0.38865}