{"BTCEUR": 32874.08, "BNBEUR": 312.58, "ETHEUR": 2242.0, "LTCEUR": 172.63, "XRPEUR": 0.9545, "ADAEUR": 1.4442, "XLMEUR": 0.40457, "DOGEEUR": 0.32251}