{"BTCEUR": 37517.11, "BNBEUR": 446.09, "ETHEUR": 2931.77, "LTCEUR": 239.45, "XRPEUR": 1.2131, "ADAEUR": 1.8205, "XLMEUR": 0.57327, "DOGEEUR": 0.41971}