{"BTCEUR": 27545.13, "BNBEUR": 258.92, "ETHEUR": 1769.35, "LTCEUR": 109.99, "XRPEUR": 0.5196, "ADAEUR": 1.1186, "XLMEUR": 0.20381, "DOGEEUR": 0.17251}