{"BTCEUR": 31611.12, "BNBEUR": 307.02, "ETHEUR": 2093.49, "LTCEUR": 165.23, "XRPEUR": 0.9236, "ADAEUR": 1.2637, "XLMEUR": 0.39498, "DOGEEUR": 0.28693}