{"BTCEUR": 28353.61, "BNBEUR": 266.89, "ETHEUR": 1836.0, "LTCEUR": 113.81, "XRPEUR": 0.538, "ADAEUR": 1.155, "XLMEUR": 0.20797, "DOGEEUR": 0.18654}