{"BTCEUR": 27766.59, "BNBEUR": 265.08, "ETHEUR": 1714.69, "LTCEUR": 112.17, "XRPEUR": 0.5276, "ADAEUR": 1.1042, "XLMEUR": 0.20018, "DOGEEUR": 0.17739}