{"BTCEUR": 28048.23, "BNBEUR": 264.57, "ETHEUR": 1702.21, "LTCEUR": 111.31, "XRPEUR": 0.5274, "ADAEUR": 1.0863, "XLMEUR": 0.20232, "DOGEEUR": 0.17039}