{"BTCEUR": 28527.27, "BNBEUR": 264.8, "ETHEUR": 1781.43, "LTCEUR": 111.9, "XRPEUR": 0.526, "ADAEUR": 1.1216, "XLMEUR": 0.20432, "DOGEEUR": 0.18195}