{"BTCEUR": 27735.0, "BNBEUR": 264.87, "ETHEUR": 1801.88, "LTCEUR": 111.65, "XRPEUR": 0.5267, "ADAEUR": 1.1448, "XLMEUR": 0.20773, "DOGEEUR": 0.17731}