{"BTCEUR": 32869.82, "BNBEUR": 319.4, "ETHEUR": 2299.58, "LTCEUR": 172.99, "XRPEUR": 0.9702, "ADAEUR": 1.4847, "XLMEUR": 0.40198, "DOGEEUR": 0.33095}