{"BTCEUR": 28831.33, "BNBEUR": 270.8, "ETHEUR": 1798.1, "LTCEUR": 112.92, "XRPEUR": 0.5351, "ADAEUR": 1.1356, "XLMEUR": 0.20714, "DOGEEUR": 0.18174}