{"BTCEUR": 27959.45, "BNBEUR": 262.89, "ETHEUR": 1813.0, "LTCEUR": 111.37, "XRPEUR": 0.525, "ADAEUR": 1.1314, "XLMEUR": 0.20304, "DOGEEUR": 0.17407}