{"BTCEUR": 28594.94, "BNBEUR": 271.93, "ETHEUR": 1799.81, "LTCEUR": 113.1, "XRPEUR": 0.5335, "ADAEUR": 1.1287, "XLMEUR": 0.20608, "DOGEEUR": 0.18179}