{"BTCEUR": 35619.51, "BNBEUR": 420.68, "ETHEUR": 2723.58, "LTCEUR": 224.71, "XRPEUR": 1.2407, "ADAEUR": 1.6605, "XLMEUR": 0.54229, "DOGEEUR": 0.39865}