{"BTCEUR": 28918.92, "BNBEUR": 271.62, "ETHEUR": 1805.81, "LTCEUR": 112.95, "XRPEUR": 0.5371, "ADAEUR": 1.1375, "XLMEUR": 0.20685, "DOGEEUR": 0.18254}