{"BTCEUR": 29641.33, "BNBEUR": 260.45, "ETHEUR": 1934.15, "LTCEUR": 144.43, "XRPEUR": 0.818, "ADAEUR": 1.2192, "XLMEUR": 0.34289, "DOGEEUR": 0.28221}