{"BTCEUR": 38714.53, "BNBEUR": 471.35, "ETHEUR": 2975.06, "LTCEUR": 249.21, "XRPEUR": 1.213, "ADAEUR": 1.8388, "XLMEUR": 0.59336, "DOGEEUR": 0.43095}