{"BTCEUR": 35085.6, "BNBEUR": 413.14, "ETHEUR": 2637.06, "LTCEUR": 219.59, "XRPEUR": 1.2184, "ADAEUR": 1.6037, "XLMEUR": 0.53554, "DOGEEUR": 0.39334}