{"BTCEUR": 28758.0, "BNBEUR": 269.09, "ETHEUR": 1806.67, "LTCEUR": 113.34, "XRPEUR": 0.5308, "ADAEUR": 1.1372, "XLMEUR": 0.20687, "DOGEEUR": 0.18297}