{"BTCEUR": 35544.0, "BNBEUR": 420.5, "ETHEUR": 2828.36, "LTCEUR": 243.84, "XRPEUR": 1.3149, "ADAEUR": 1.6562, "XLMEUR": 0.53513, "DOGEEUR": 0.39305}